-- phpMyAdmin SQL Dump
-- version 4.7.2
-- https://www.phpmyadmin.net/
--
-- Хост: localhost
-- Время создания: Авг 24 2017 г., 09:36
-- Версия сервера: 5.5.52-MariaDB
-- Версия PHP: 5.6.31

SET SQL_MODE = "NO_AUTO_VALUE_ON_ZERO";
SET AUTOCOMMIT = 0;
START TRANSACTION;
SET time_zone = "+00:00";


/*!40101 SET @OLD_CHARACTER_SET_CLIENT=@@CHARACTER_SET_CLIENT */;
/*!40101 SET @OLD_CHARACTER_SET_RESULTS=@@CHARACTER_SET_RESULTS */;
/*!40101 SET @OLD_COLLATION_CONNECTION=@@COLLATION_CONNECTION */;
/*!40101 SET NAMES utf8mb4 */;

--
-- База данных: `cse`
--

-- --------------------------------------------------------

--
-- Структура таблицы `correspondences`
--

CREATE TABLE `correspondences` (
  `id` int(10) UNSIGNED NOT NULL,
  `register_number` varchar(255) COLLATE utf8_unicode_ci DEFAULT NULL,
  `language_id` int(11) NOT NULL,
  `correspondent_id` int(11) NOT NULL,
  `outcome_number` varchar(255) COLLATE utf8_unicode_ci DEFAULT NULL,
  `outcome_date` varchar(255) COLLATE utf8_unicode_ci DEFAULT NULL,
  `executor_fullname` varchar(255) COLLATE utf8_unicode_ci NOT NULL,
  `execution_period` varchar(255) COLLATE utf8_unicode_ci DEFAULT NULL,
  `pages` int(11) NOT NULL,
  `files` varchar(255) COLLATE utf8_unicode_ci DEFAULT NULL,
  `reply_correspondence_id` int(11) NOT NULL DEFAULT '0',
  `recipient_id` int(11) NOT NULL DEFAULT '0',
  `document_type_id` int(11) NOT NULL DEFAULT '0',
  `user_id` int(11) NOT NULL DEFAULT '0',
  `document_id` int(11) NOT NULL DEFAULT '0',
  `is_income` tinyint(1) NOT NULL DEFAULT '0',
  `status` tinyint(4) NOT NULL DEFAULT '0',
  `created_at` timestamp NULL DEFAULT NULL,
  `updated_at` timestamp NULL DEFAULT NULL
) ENGINE=InnoDB DEFAULT CHARSET=utf8 COLLATE=utf8_unicode_ci;

-- --------------------------------------------------------

--
-- Структура таблицы `correspondents`
--

CREATE TABLE `correspondents` (
  `id` int(10) UNSIGNED NOT NULL,
  `name` varchar(255) COLLATE utf8_unicode_ci NOT NULL,
  `created_at` timestamp NULL DEFAULT NULL,
  `updated_at` timestamp NULL DEFAULT NULL
) ENGINE=InnoDB DEFAULT CHARSET=utf8 COLLATE=utf8_unicode_ci;

--
-- Дамп данных таблицы `correspondents`
--

INSERT INTO `correspondents` (`id`, `name`, `created_at`, `updated_at`) VALUES
(1, 'Верховный суд', '2017-08-24 08:46:00', '2017-08-24 08:46:00'),
(2, 'Прокуратура', '2017-08-24 08:46:00', '2017-08-24 08:46:00');

-- --------------------------------------------------------

--
-- Структура таблицы `departments`
--

CREATE TABLE `departments` (
  `id` int(10) UNSIGNED NOT NULL,
  `name` varchar(255) COLLATE utf8_unicode_ci NOT NULL,
  `parent_id` int(11) NOT NULL DEFAULT '0',
  `leader_id` int(11) NOT NULL DEFAULT '0',
  `created_at` timestamp NULL DEFAULT NULL,
  `updated_at` timestamp NULL DEFAULT NULL
) ENGINE=InnoDB DEFAULT CHARSET=utf8 COLLATE=utf8_unicode_ci;

--
-- Дамп данных таблицы `departments`
--

INSERT INTO `departments` (`id`, `name`, `parent_id`, `leader_id`, `created_at`, `updated_at`) VALUES
(1, 'АУП', 0, 0, '2017-08-20 18:33:30', '2017-08-20 18:33:30'),
(2, 'Отдел по судебно-экспертным вопросам', 0, 3, '2017-08-20 18:33:30', '2017-08-20 18:33:30'),
(3, 'Отдел по судебно-медицинским вопросам', 0, 63, '2017-08-20 18:33:30', '2017-08-20 18:33:30'),
(4, 'Отдел по общим вопросам', 0, 102, '2017-08-20 18:33:30', '2017-08-20 18:33:30'),
(5, 'Лаборатория химических и биологических исследований', 2, 21, '2017-08-20 18:33:30', '2017-08-20 18:33:30'),
(6, 'Лаборатория криминалистических исследований', 2, 4, '2017-08-20 18:33:30', '2017-08-20 18:33:30'),
(7, 'Лаборатория специальных исследований', 2, 37, '2017-08-20 18:33:30', '2017-08-20 18:33:30'),
(8, 'Отдел сложных экспертиз', 3, 88, '2017-08-20 20:20:11', '2017-08-20 20:20:11'),
(9, 'Судебно-биологическое отделение', 3, 101, '2017-08-20 20:42:29', '2017-08-20 20:42:29'),
(10, 'Судебно-гистологическое отделение', 3, 115, '2017-08-20 20:45:43', '2017-08-20 20:45:43'),
(11, 'Молекулярно-генетическое отделение', 3, 0, '2017-08-20 20:45:56', '2017-08-20 20:45:56'),
(12, 'Химико-токсикологическое отделение', 3, 143, '2017-08-20 20:46:08', '2017-08-20 20:46:08'),
(13, 'Медико-криминалистическое  отделение', 3, 156, '2017-08-20 20:46:20', '2017-08-20 20:46:20'),
(14, 'Дежурное отделение', 3, 163, '2017-08-20 20:46:32', '2017-08-20 20:46:32'),
(15, 'Общеэкспертный отдел', 3, 171, '2017-08-20 20:46:43', '2017-08-20 20:46:43'),
(16, 'Отделение судебно-психиатрической и судебно-наркологической экспертизы', 3, 189, '2017-08-20 20:47:02', '2017-08-20 20:47:02'),
(17, 'Астраханское районное отделение', 3, 103, '2017-08-20 20:47:21', '2017-08-20 20:47:21'),
(18, 'Административно-хозяйственный отдел', 4, 0, '2017-08-21 17:24:54', '2017-08-21 17:24:54');

-- --------------------------------------------------------

--
-- Структура таблицы `documents`
--

CREATE TABLE `documents` (
  `id` int(10) UNSIGNED NOT NULL,
  `register_number` varchar(255) COLLATE utf8_unicode_ci DEFAULT NULL,
  `name` varchar(255) COLLATE utf8_unicode_ci NOT NULL,
  `document_type_id` int(11) NOT NULL,
  `nomenclature_id` int(11) NOT NULL,
  `files` varchar(255) COLLATE utf8_unicode_ci DEFAULT NULL,
  `info` text COLLATE utf8_unicode_ci,
  `user_id` int(11) NOT NULL,
  `task_id` int(11) NOT NULL DEFAULT '0',
  `expertise_id` int(11) NOT NULL DEFAULT '0',
  `parent_id` int(11) NOT NULL DEFAULT '0',
  `status` tinyint(4) NOT NULL DEFAULT '0',
  `created_at` timestamp NULL DEFAULT NULL,
  `updated_at` timestamp NULL DEFAULT NULL
) ENGINE=InnoDB DEFAULT CHARSET=utf8 COLLATE=utf8_unicode_ci;

-- --------------------------------------------------------

--
-- Структура таблицы `document_approves`
--

CREATE TABLE `document_approves` (
  `id` int(10) UNSIGNED NOT NULL,
  `document_id` int(11) NOT NULL,
  `user_id` int(11) NOT NULL,
  `order` tinyint(4) NOT NULL,
  `info` text COLLATE utf8_unicode_ci,
  `status` tinyint(4) NOT NULL DEFAULT '0',
  `created_at` timestamp NULL DEFAULT NULL,
  `updated_at` timestamp NULL DEFAULT NULL
) ENGINE=InnoDB DEFAULT CHARSET=utf8 COLLATE=utf8_unicode_ci;

-- --------------------------------------------------------

--
-- Структура таблицы `document_permissions`
--

CREATE TABLE `document_permissions` (
  `id` int(11) NOT NULL,
  `user_id` int(11) NOT NULL,
  `created_at` timestamp NULL DEFAULT NULL,
  `updated_at` timestamp NULL DEFAULT NULL
) ENGINE=InnoDB DEFAULT CHARSET=utf8 COLLATE=utf8_unicode_ci;

-- --------------------------------------------------------

--
-- Структура таблицы `document_types`
--

CREATE TABLE `document_types` (
  `id` int(10) UNSIGNED NOT NULL,
  `name` varchar(255) COLLATE utf8_unicode_ci NOT NULL,
  `created_at` timestamp NULL DEFAULT NULL,
  `updated_at` timestamp NULL DEFAULT NULL
) ENGINE=InnoDB DEFAULT CHARSET=utf8 COLLATE=utf8_unicode_ci;

--
-- Дамп данных таблицы `document_types`
--

INSERT INTO `document_types` (`id`, `name`, `created_at`, `updated_at`) VALUES
(1, 'Письмо', '2017-08-24 08:46:00', '2017-08-24 08:46:00'),
(2, 'Ходатайство', '2017-08-24 08:46:00', '2017-08-24 08:46:00'),
(3, 'Ответ на ходатайство', '2017-08-24 08:46:00', '2017-08-24 08:46:00'),
(4, 'Телефонограмма', '2017-08-24 08:46:00', '2017-08-24 08:46:00');

-- --------------------------------------------------------

--
-- Структура таблицы `expertises`
--

CREATE TABLE `expertises` (
  `id` int(10) UNSIGNED NOT NULL,
  `category_id` int(11) NOT NULL,
  `case_number` varchar(255) COLLATE utf8_unicode_ci NOT NULL,
  `article_number` varchar(255) COLLATE utf8_unicode_ci NOT NULL,
  `expertise_status` varchar(255) COLLATE utf8_unicode_ci NOT NULL,
  `expertise_additional_status` varchar(255) COLLATE utf8_unicode_ci NOT NULL,
  `expertise_speciality_ids` varchar(255) COLLATE utf8_unicode_ci NOT NULL,
  `expertise_region_id` int(11) NOT NULL,
  `expertise_agency_id` int(11) NOT NULL,
  `expertise_organ_id` int(11) NOT NULL,
  `expertise_organ_name` varchar(255) COLLATE utf8_unicode_ci DEFAULT NULL,
  `expertise_user_fullname` varchar(255) COLLATE utf8_unicode_ci NOT NULL,
  `expertise_user_position` varchar(255) COLLATE utf8_unicode_ci DEFAULT NULL,
  `expertise_user_rank` varchar(255) COLLATE utf8_unicode_ci DEFAULT NULL,
  `info` text COLLATE utf8_unicode_ci,
  `files` varchar(255) COLLATE utf8_unicode_ci DEFAULT NULL,
  `user_id` int(11) NOT NULL,
  `status` tinyint(4) NOT NULL DEFAULT '0',
  `created_at` timestamp NULL DEFAULT NULL,
  `updated_at` timestamp NULL DEFAULT NULL
) ENGINE=InnoDB DEFAULT CHARSET=utf8 COLLATE=utf8_unicode_ci;

-- --------------------------------------------------------

--
-- Структура таблицы `expertise_agencies`
--

CREATE TABLE `expertise_agencies` (
  `id` int(10) UNSIGNED NOT NULL,
  `expertise_region_id` int(11) NOT NULL,
  `name` varchar(255) COLLATE utf8_unicode_ci NOT NULL,
  `created_at` timestamp NULL DEFAULT NULL,
  `updated_at` timestamp NULL DEFAULT NULL
) ENGINE=InnoDB DEFAULT CHARSET=utf8 COLLATE=utf8_unicode_ci;

--
-- Дамп данных таблицы `expertise_agencies`
--

INSERT INTO `expertise_agencies` (`id`, `expertise_region_id`, `name`, `created_at`, `updated_at`) VALUES
(1, 1, 'МВД РК', '2017-08-24 08:46:00', '2017-08-24 08:46:00'),
(2, 1, 'ДВД города Астаны', '2017-08-24 08:46:00', '2017-08-24 08:46:00'),
(3, 1, 'УВД района «Алматы»', '2017-08-24 08:46:00', '2017-08-24 08:46:00'),
(4, 2, 'ДВД г.Алматы', '2017-08-24 08:46:00', '2017-08-24 08:46:00'),
(5, 2, 'Алмалинский РУВД', '2017-08-24 08:46:00', '2017-08-24 08:46:00'),
(6, 2, 'Ауэзовское РУВД', '2017-08-24 08:46:00', '2017-08-24 08:46:00'),
(7, 2, 'Бостандыкское РУВД', '2017-08-24 08:46:00', '2017-08-24 08:46:00'),
(8, 2, 'Жетысуское РУВД', '2017-08-24 08:46:00', '2017-08-24 08:46:00'),
(9, 2, 'Медеуское РУВД', '2017-08-24 08:46:00', '2017-08-24 08:46:00'),
(10, 2, 'Турксибское РУВД', '2017-08-24 08:46:00', '2017-08-24 08:46:00'),
(11, 3, 'ДВД Акмолинской области', '2017-08-24 08:46:00', '2017-08-24 08:46:00'),
(12, 3, 'УВД г.Кокшетау', '2017-08-24 08:46:00', '2017-08-24 08:46:00'),
(13, 3, 'Аккольский РОВД', '2017-08-24 08:46:00', '2017-08-24 08:46:00'),
(14, 3, 'Аршалынский РОВД', '2017-08-24 08:46:00', '2017-08-24 08:46:00'),
(15, 3, 'Астраханский РОВД', '2017-08-24 08:46:00', '2017-08-24 08:46:00'),
(16, 3, 'Атбасарский РОВД', '2017-08-24 08:46:00', '2017-08-24 08:46:00'),
(17, 3, 'Буландинский РОВД', '2017-08-24 08:46:00', '2017-08-24 08:46:00'),
(18, 3, 'Енбекшильдерский РОВД', '2017-08-24 08:46:00', '2017-08-24 08:46:00'),
(19, 3, 'Ерейментауский РОВД', '2017-08-24 08:46:00', '2017-08-24 08:46:00'),
(20, 3, 'Есильский РОВД', '2017-08-24 08:46:00', '2017-08-24 08:46:00'),
(21, 3, 'Жаксынский РОВД', '2017-08-24 08:46:00', '2017-08-24 08:46:00'),
(22, 3, 'Жаркаинский РОВД', '2017-08-24 08:46:00', '2017-08-24 08:46:00'),
(23, 3, 'Зерендинский РОВД', '2017-08-24 08:46:00', '2017-08-24 08:46:00'),
(24, 3, 'Коргалжинский РОВД', '2017-08-24 08:46:00', '2017-08-24 08:46:00'),
(25, 3, 'Сандыктауский РОВД', '2017-08-24 08:46:00', '2017-08-24 08:46:00'),
(26, 3, 'Целиноградский РОВД', '2017-08-24 08:46:00', '2017-08-24 08:46:00'),
(27, 3, 'Щучинский РОВД', '2017-08-24 08:46:00', '2017-08-24 08:46:00'),
(28, 3, 'Шортандинский РОВД', '2017-08-24 08:46:00', '2017-08-24 08:46:00'),
(29, 5, 'ДВД Алматинской области', '2017-08-24 08:46:00', '2017-08-24 08:46:00'),
(30, 5, 'УВД города Талдыкоргана', '2017-08-24 08:46:00', '2017-08-24 08:46:00'),
(31, 5, 'УВД города Текели', '2017-08-24 08:46:00', '2017-08-24 08:46:00'),
(32, 5, 'Уйгурское РОВД', '2017-08-24 08:46:00', '2017-08-24 08:46:00'),
(33, 5, 'Панфиловский РОВД', '2017-08-24 08:46:00', '2017-08-24 08:46:00'),
(34, 5, 'Коксуйский РОВД', '2017-08-24 08:46:00', '2017-08-24 08:46:00'),
(35, 5, 'Аксуйскиий РОВД', '2017-08-24 08:46:00', '2017-08-24 08:46:00'),
(36, 5, 'Алакольский РОВД', '2017-08-24 08:46:00', '2017-08-24 08:46:00'),
(37, 5, 'Балхашский РОВД', '2017-08-24 08:46:00', '2017-08-24 08:46:00'),
(38, 5, 'Енбекшиказахский РОВД', '2017-08-24 08:46:00', '2017-08-24 08:46:00'),
(39, 5, 'Илинский РОВД', '2017-08-24 08:46:00', '2017-08-24 08:46:00'),
(40, 5, 'Карасайбатырский РОВД', '2017-08-24 08:46:00', '2017-08-24 08:46:00'),
(41, 5, 'Капшагайское УВД', '2017-08-24 08:46:00', '2017-08-24 08:46:00'),
(42, 5, 'Жамбылский РОВД', '2017-08-24 08:46:00', '2017-08-24 08:46:00'),
(43, 5, 'Талгарский РОВД', '2017-08-24 08:46:00', '2017-08-24 08:46:00'),
(44, 5, 'Кербулакский РОВД', '2017-08-24 08:46:00', '2017-08-24 08:46:00'),
(45, 5, 'Кербулакский РОВД', '2017-08-24 08:46:00', '2017-08-24 08:46:00'),
(46, 6, 'ДВД Атырауской области', '2017-08-24 08:46:00', '2017-08-24 08:46:00'),
(47, 6, 'ГОВД г.Атырау', '2017-08-24 08:46:00', '2017-08-24 08:46:00'),
(48, 6, 'Исатайский РОВД', '2017-08-24 08:46:00', '2017-08-24 08:46:00'),
(49, 6, 'Кзылкугинский РОВД', '2017-08-24 08:46:00', '2017-08-24 08:46:00'),
(50, 6, 'Жылыойский РОВД', '2017-08-24 08:46:00', '2017-08-24 08:46:00'),
(51, 6, 'Индерский РОВД', '2017-08-24 08:46:00', '2017-08-24 08:46:00'),
(52, 6, 'Курмангазинский РОВД', '2017-08-24 08:46:00', '2017-08-24 08:46:00'),
(53, 6, 'Макатайский РОВД', '2017-08-24 08:46:00', '2017-08-24 08:46:00'),
(54, 6, 'Махамбетский РОВД', '2017-08-24 08:46:00', '2017-08-24 08:46:00'),
(55, 16, 'ДВД Восточно-Казахстанской области', '2017-08-24 08:46:00', '2017-08-24 08:46:00'),
(56, 16, 'УВД г.Усть-Каменогорска', '2017-08-24 08:46:00', '2017-08-24 08:46:00'),
(57, 16, 'УВД г.Семипалатинска', '2017-08-24 08:46:00', '2017-08-24 08:46:00'),
(58, 16, 'Абайское РОВД', '2017-08-24 08:46:00', '2017-08-24 08:46:00'),
(59, 16, 'ОВД г.Аягоза и Аягозского района', '2017-08-24 08:46:00', '2017-08-24 08:46:00'),
(60, 16, 'Бескарагайский РОВД', '2017-08-24 08:46:00', '2017-08-24 08:46:00'),
(61, 16, 'Бородулихинский РОВД', '2017-08-24 08:46:00', '2017-08-24 08:46:00'),
(62, 16, 'Глубоковский РОВД', '2017-08-24 08:46:00', '2017-08-24 08:46:00'),
(63, 16, 'Жарминский РОВД', '2017-08-24 08:46:00', '2017-08-24 08:46:00'),
(64, 16, 'Зыряновский РОВД', '2017-08-24 08:46:00', '2017-08-24 08:46:00'),
(65, 16, 'Зайсанский РОВД', '2017-08-24 08:46:00', '2017-08-24 08:46:00'),
(66, 16, 'Катон-Карагайский РОВД', '2017-08-24 08:46:00', '2017-08-24 08:46:00'),
(67, 16, 'Кокпектинский РОВД', '2017-08-24 08:46:00', '2017-08-24 08:46:00'),
(68, 16, 'ОП г.Курчатов', '2017-08-24 08:46:00', '2017-08-24 08:46:00'),
(69, 16, 'Курчумский РОВД', '2017-08-24 08:46:00', '2017-08-24 08:46:00'),
(70, 16, 'ГОВД г. Риддера', '2017-08-24 08:46:00', '2017-08-24 08:46:00'),
(71, 16, 'Тарбагатайский РОВД', '2017-08-24 08:46:00', '2017-08-24 08:46:00'),
(72, 16, 'Уланский РОВД', '2017-08-24 08:46:00', '2017-08-24 08:46:00'),
(73, 16, 'Урджарск РОВД', '2017-08-24 08:46:00', '2017-08-24 08:46:00'),
(74, 16, 'Шемонаихинский РОВД', '2017-08-24 08:46:00', '2017-08-24 08:46:00'),
(75, 8, 'ДВД Жамбылской области', '2017-08-24 08:46:00', '2017-08-24 08:46:00'),
(76, 8, '1-й ОП', '2017-08-24 08:46:00', '2017-08-24 08:46:00'),
(77, 8, '2-й ОП', '2017-08-24 08:46:00', '2017-08-24 08:46:00'),
(78, 8, '3-й ОП', '2017-08-24 08:46:00', '2017-08-24 08:46:00'),
(79, 8, 'Байзакский РОВД', '2017-08-24 08:46:00', '2017-08-24 08:46:00'),
(80, 8, 'Жамбылский РОВД', '2017-08-24 08:46:00', '2017-08-24 08:46:00'),
(81, 8, 'Жуалынский РОВД', '2017-08-24 08:46:00', '2017-08-24 08:46:00'),
(82, 8, 'Кордайский РОВД', '2017-08-24 08:46:00', '2017-08-24 08:46:00'),
(83, 8, 'Таласский РОВД', '2017-08-24 08:46:00', '2017-08-24 08:46:00'),
(84, 8, 'Сарысуский РОВД', '2017-08-24 08:46:00', '2017-08-24 08:46:00'),
(85, 8, 'Рыскуловский РОВД', '2017-08-24 08:46:00', '2017-08-24 08:46:00'),
(86, 8, 'Мойынкумский РОВД', '2017-08-24 08:46:00', '2017-08-24 08:46:00'),
(87, 8, 'Шуский РОВД', '2017-08-24 08:46:00', '2017-08-24 08:46:00'),
(88, 8, 'ОВД г.Шу', '2017-08-24 08:46:00', '2017-08-24 08:46:00'),
(89, 9, 'ДВД Карагандинской области', '2017-08-24 08:46:00', '2017-08-24 08:46:00'),
(90, 9, 'УВД Казыбекбийского района г.Караганды', '2017-08-24 08:46:00', '2017-08-24 08:46:00'),
(91, 9, 'УВД Октябрьского района', '2017-08-24 08:46:00', '2017-08-24 08:46:00'),
(92, 9, 'УВД г.Жезказган', '2017-08-24 08:46:00', '2017-08-24 08:46:00'),
(93, 9, 'УВД г.Темиртау', '2017-08-24 08:46:00', '2017-08-24 08:46:00'),
(94, 9, 'Абайское РУВД', '2017-08-24 08:46:00', '2017-08-24 08:46:00'),
(95, 9, 'Бухаржырауский РУВД', '2017-08-24 08:46:00', '2017-08-24 08:46:00'),
(96, 9, 'Балхашский ГОВД', '2017-08-24 08:46:00', '2017-08-24 08:46:00'),
(97, 9, 'Каражалский ГОВД', '2017-08-24 08:46:00', '2017-08-24 08:46:00'),
(98, 9, 'Саранский ГОВД', '2017-08-24 08:46:00', '2017-08-24 08:46:00'),
(99, 9, 'Сатпаевский ГОВД', '2017-08-24 08:46:00', '2017-08-24 08:46:00'),
(100, 9, 'ОВД Актогайского района', '2017-08-24 08:46:00', '2017-08-24 08:46:00'),
(101, 9, 'ОВД Жанааркинского района', '2017-08-24 08:46:00', '2017-08-24 08:46:00'),
(102, 9, 'ОВД Каркаралинского района', '2017-08-24 08:46:00', '2017-08-24 08:46:00'),
(103, 9, 'ОВД Нуринского района', '2017-08-24 08:46:00', '2017-08-24 08:46:00'),
(104, 9, 'ОВД Осакаровского района', '2017-08-24 08:46:00', '2017-08-24 08:46:00'),
(105, 9, 'ОВД Улытауского района', '2017-08-24 08:46:00', '2017-08-24 08:46:00'),
(106, 9, 'ОВД Шетского района', '2017-08-24 08:46:00', '2017-08-24 08:46:00'),
(107, 10, 'ГОВД г.Рудного ГУ ОВД г. Рудного', '2017-08-24 08:46:00', '2017-08-24 08:46:00'),
(108, 10, 'Житикаринский ГОВД', '2017-08-24 08:46:00', '2017-08-24 08:46:00'),
(109, 10, 'Северный ОВД г.Костаная', '2017-08-24 08:46:00', '2017-08-24 08:46:00'),
(110, 10, 'Южный ОВД г.Костаная', '2017-08-24 08:46:00', '2017-08-24 08:46:00'),
(111, 10, 'Лисаковский ГОВД', '2017-08-24 08:46:00', '2017-08-24 08:46:00'),
(112, 10, 'ГОВД г.Аркалык', '2017-08-24 08:46:00', '2017-08-24 08:46:00'),
(113, 10, 'Алтынсаринский РОВД', '2017-08-24 08:46:00', '2017-08-24 08:46:00'),
(114, 10, 'Амангельдинский РОВД', '2017-08-24 08:46:00', '2017-08-24 08:46:00'),
(115, 10, 'Аулиекольский РОВД', '2017-08-24 08:46:00', '2017-08-24 08:46:00'),
(116, 10, 'Денисовский РОВД', '2017-08-24 08:46:00', '2017-08-24 08:46:00'),
(117, 10, 'Жангельдинский РОВД', '2017-08-24 08:46:00', '2017-08-24 08:46:00'),
(118, 10, 'Камыстинский РОВД', '2017-08-24 08:46:00', '2017-08-24 08:46:00'),
(119, 10, 'Карабалыкский РОВД', '2017-08-24 08:46:00', '2017-08-24 08:46:00'),
(120, 10, 'Карасуский РОВД', '2017-08-24 08:46:00', '2017-08-24 08:46:00'),
(121, 10, 'Костанайский РОВД', '2017-08-24 08:46:00', '2017-08-24 08:46:00'),
(122, 10, 'Мендыгаринский РОВД', '2017-08-24 08:46:00', '2017-08-24 08:46:00'),
(123, 10, 'Наурузумский РОВД', '2017-08-24 08:46:00', '2017-08-24 08:46:00'),
(124, 10, 'Сарыкольский РОВД', '2017-08-24 08:46:00', '2017-08-24 08:46:00'),
(125, 10, 'Тарановский РОВД', '2017-08-24 08:46:00', '2017-08-24 08:46:00'),
(126, 10, 'Узункольский РОВД', '2017-08-24 08:46:00', '2017-08-24 08:46:00'),
(127, 10, 'Федоровский РОВД', '2017-08-24 08:46:00', '2017-08-24 08:46:00'),
(128, 10, 'УССО ДВД', '2017-08-24 08:46:00', '2017-08-24 08:46:00'),
(129, 10, 'УПП ДВД', '2017-08-24 08:46:00', '2017-08-24 08:46:00'),
(130, 10, 'ПРДВД', '2017-08-24 08:46:00', '2017-08-24 08:46:00'),
(131, 10, 'ЦВИАРНДВД', '2017-08-24 08:46:00', '2017-08-24 08:46:00'),
(132, 10, 'ОБПП', '2017-08-24 08:46:00', '2017-08-24 08:46:00'),
(133, 12, 'Тупкараганское РОВД', '2017-08-24 08:46:00', '2017-08-24 08:46:00'),
(134, 12, 'Мангистауское РОВД', '2017-08-24 08:46:00', '2017-08-24 08:46:00'),
(135, 12, 'Каракиянское РОВД', '2017-08-24 08:46:00', '2017-08-24 08:46:00'),
(136, 12, 'ГОВД г.Жанаозен', '2017-08-24 08:46:00', '2017-08-24 08:46:00'),
(137, 12, 'Бейнеуский РОВД', '2017-08-24 08:46:00', '2017-08-24 08:46:00'),
(138, 12, 'УВД г.Актау', '2017-08-24 08:46:00', '2017-08-24 08:46:00'),
(139, 12, 'ДВД Мангистауской области', '2017-08-24 08:46:00', '2017-08-24 08:46:00'),
(140, 14, 'ГОВД г.Экибастуза', '2017-08-24 08:46:00', '2017-08-24 08:46:00'),
(141, 14, 'Щербактинский РОВД', '2017-08-24 08:46:00', '2017-08-24 08:46:00'),
(142, 14, 'Успенский РОВД', '2017-08-24 08:46:00', '2017-08-24 08:46:00'),
(143, 14, 'Павлодарский РОВД', '2017-08-24 08:46:00', '2017-08-24 08:46:00'),
(144, 14, 'Майский РОВД', '2017-08-24 08:46:00', '2017-08-24 08:46:00'),
(145, 14, 'Лебяжинский РОВД', '2017-08-24 08:46:00', '2017-08-24 08:46:00'),
(146, 14, 'Качирский РОВД', '2017-08-24 08:46:00', '2017-08-24 08:46:00'),
(147, 14, 'Иртышский РОВД', '2017-08-24 08:46:00', '2017-08-24 08:46:00'),
(148, 14, 'Железинский РОВД', '2017-08-24 08:46:00', '2017-08-24 08:46:00'),
(149, 14, 'Баянаульский РОВД', '2017-08-24 08:46:00', '2017-08-24 08:46:00'),
(150, 14, 'Актогайский ГОВД', '2017-08-24 08:46:00', '2017-08-24 08:46:00'),
(151, 14, 'ГОВД г. Аксу', '2017-08-24 08:46:00', '2017-08-24 08:46:00'),
(152, 14, 'Южный ОВД', '2017-08-24 08:46:00', '2017-08-24 08:46:00'),
(153, 14, 'Северный ОВД', '2017-08-24 08:46:00', '2017-08-24 08:46:00'),
(154, 14, 'ДВД Павлодарской области', '2017-08-24 08:46:00', '2017-08-24 08:46:00'),
(155, 15, 'ДВД Северо-Казахстанской области', '2017-08-24 08:46:00', '2017-08-24 08:46:00'),
(156, 15, 'УВД г.Петропавловска', '2017-08-24 08:46:00', '2017-08-24 08:46:00'),
(157, 15, 'Кызылжарский РОВД', '2017-08-24 08:46:00', '2017-08-24 08:46:00'),
(158, 15, 'РОВД им..Жумабаева', '2017-08-24 08:46:00', '2017-08-24 08:46:00'),
(159, 15, 'Жамбылский РОВД', '2017-08-24 08:46:00', '2017-08-24 08:46:00'),
(160, 15, 'Мамлютский РОВД', '2017-08-24 08:46:00', '2017-08-24 08:46:00'),
(161, 15, 'РОВД Шал акына', '2017-08-24 08:46:00', '2017-08-24 08:46:00'),
(162, 15, 'Аккайынский РОВД', '2017-08-24 08:46:00', '2017-08-24 08:46:00'),
(163, 15, 'Тимирязевский РОВД', '2017-08-24 08:46:00', '2017-08-24 08:46:00'),
(164, 15, 'Акжарский РОВД', '2017-08-24 08:46:00', '2017-08-24 08:46:00'),
(165, 15, 'Айыртауский РОВД', '2017-08-24 08:46:00', '2017-08-24 08:46:00'),
(166, 15, 'Уализановский РОВД', '2017-08-24 08:46:00', '2017-08-24 08:46:00'),
(167, 15, 'Тайыншинский РОВД', '2017-08-24 08:46:00', '2017-08-24 08:46:00'),
(168, 15, 'Есильский РОВД', '2017-08-24 08:46:00', '2017-08-24 08:46:00'),
(169, 15, 'РОВД им. Г.Мусрепова', '2017-08-24 08:46:00', '2017-08-24 08:46:00'),
(170, 7, 'ДВД Западно - Казахстанской области', '2017-08-24 08:46:00', '2017-08-24 08:46:00'),
(171, 7, 'УВД г.Уральска', '2017-08-24 08:46:00', '2017-08-24 08:46:00'),
(172, 7, 'Акжайыкский РУВД', '2017-08-24 08:46:00', '2017-08-24 08:46:00'),
(173, 7, 'Бґкейординский РУВД', '2017-08-24 08:46:00', '2017-08-24 08:46:00'),
(174, 7, 'Борлинский РУВД', '2017-08-24 08:46:00', '2017-08-24 08:46:00'),
(175, 7, 'Жанакалинский РУВД', '2017-08-24 08:46:00', '2017-08-24 08:46:00'),
(176, 7, 'Жанибекский РУВД', '2017-08-24 08:46:00', '2017-08-24 08:46:00'),
(177, 7, 'Зеленовский РУВД', '2017-08-24 08:46:00', '2017-08-24 08:46:00'),
(178, 7, 'Казталовский РУВД', '2017-08-24 08:46:00', '2017-08-24 08:46:00'),
(179, 7, 'Каратобинское РУВД', '2017-08-24 08:46:00', '2017-08-24 08:46:00'),
(180, 7, 'Сырымский РУВД', '2017-08-24 08:46:00', '2017-08-24 08:46:00'),
(181, 7, 'Таскалинский РУВД', '2017-08-24 08:46:00', '2017-08-24 08:46:00'),
(182, 7, 'Тайпакский УВД', '2017-08-24 08:46:00', '2017-08-24 08:46:00'),
(183, 7, 'Теректинский РУВД', '2017-08-24 08:46:00', '2017-08-24 08:46:00'),
(184, 7, 'Шынгырлауский РУВД', '2017-08-24 08:46:00', '2017-08-24 08:46:00'),
(185, 7, 'Акжайыкский УВД', '2017-08-24 08:46:00', '2017-08-24 08:46:00'),
(186, 7, 'Приуралское УВД', '2017-08-24 08:46:00', '2017-08-24 08:46:00'),
(187, 7, 'Жалпакталский УВД', '2017-08-24 08:46:00', '2017-08-24 08:46:00'),
(188, 4, 'Мартукский РОВД', '2017-08-24 08:46:00', '2017-08-24 08:46:00'),
(189, 4, 'Ойылский РОВД', '2017-08-24 08:46:00', '2017-08-24 08:46:00'),
(190, 4, 'Иргизский РОВД', '2017-08-24 08:46:00', '2017-08-24 08:46:00'),
(191, 4, 'Шалкарский РОВД', '2017-08-24 08:46:00', '2017-08-24 08:46:00'),
(192, 4, 'Хромтауский РОВД', '2017-08-24 08:46:00', '2017-08-24 08:46:00'),
(193, 4, 'Темирское РОВД', '2017-08-24 08:46:00', '2017-08-24 08:46:00'),
(194, 4, 'Мугалжарское РОВД', '2017-08-24 08:46:00', '2017-08-24 08:46:00'),
(195, 4, 'Каргалинский РОВД', '2017-08-24 08:46:00', '2017-08-24 08:46:00'),
(196, 4, 'Байганинский РОВД', '2017-08-24 08:46:00', '2017-08-24 08:46:00'),
(197, 4, 'Алгинский РОВД', '2017-08-24 08:46:00', '2017-08-24 08:46:00'),
(198, 4, 'Айтекебийский РОВД', '2017-08-24 08:46:00', '2017-08-24 08:46:00'),
(199, 4, 'Кобдинский РУВД', '2017-08-24 08:46:00', '2017-08-24 08:46:00'),
(200, 4, 'Саздинский ОП', '2017-08-24 08:46:00', '2017-08-24 08:46:00'),
(201, 4, 'ОП г. Заречный', '2017-08-24 08:46:00', '2017-08-24 08:46:00'),
(202, 4, 'ОВД города Актобе', '2017-08-24 08:46:00', '2017-08-24 08:46:00'),
(203, 4, 'ДВД Актюбинская область', '2017-08-24 08:46:00', '2017-08-24 08:46:00'),
(204, 11, 'ДВД Кызылординской области', '2017-08-24 08:46:00', '2017-08-24 08:46:00'),
(205, 11, 'Аралский РОВД', '2017-08-24 08:46:00', '2017-08-24 08:46:00'),
(206, 11, 'Казалинский РОВД', '2017-08-24 08:46:00', '2017-08-24 08:46:00'),
(207, 11, 'Кармакшинский РОВД', '2017-08-24 08:46:00', '2017-08-24 08:46:00'),
(208, 11, 'Жалагашский РОВД', '2017-08-24 08:46:00', '2017-08-24 08:46:00'),
(209, 11, 'Сырдаринский РОВД', '2017-08-24 08:46:00', '2017-08-24 08:46:00'),
(210, 11, 'Шиелинский РОВД', '2017-08-24 08:46:00', '2017-08-24 08:46:00'),
(211, 11, 'Жанакорганский РОВД', '2017-08-24 08:46:00', '2017-08-24 08:46:00'),
(212, 13, 'ДВД Южно-Казахстанской области', '2017-08-24 08:46:00', '2017-08-24 08:46:00'),
(213, 13, 'Абайский РОВД', '2017-08-24 08:46:00', '2017-08-24 08:46:00'),
(214, 13, 'Аль-Фарабиский РОВД', '2017-08-24 08:46:00', '2017-08-24 08:46:00'),
(215, 13, 'Енбекшинский РОВД', '2017-08-24 08:46:00', '2017-08-24 08:46:00'),
(216, 13, 'Арысскиий РОВД', '2017-08-24 08:46:00', '2017-08-24 08:46:00'),
(217, 13, 'Байдибекский РОВД', '2017-08-24 08:46:00', '2017-08-24 08:46:00'),
(218, 13, 'Кентауское УВД', '2017-08-24 08:46:00', '2017-08-24 08:46:00'),
(219, 13, 'Махтаралский РОВД', '2017-08-24 08:46:00', '2017-08-24 08:46:00'),
(220, 13, 'отдел полиции №1', '2017-08-24 08:46:00', '2017-08-24 08:46:00'),
(221, 13, 'отдел полиции №2', '2017-08-24 08:46:00', '2017-08-24 08:46:00'),
(222, 13, 'Ордабасинский РОВД', '2017-08-24 08:46:00', '2017-08-24 08:46:00'),
(223, 13, 'Отырарский РУВД', '2017-08-24 08:46:00', '2017-08-24 08:46:00'),
(224, 13, 'Сайрамский РОВД', '2017-08-24 08:46:00', '2017-08-24 08:46:00'),
(225, 13, 'Созакский РОВД', '2017-08-24 08:46:00', '2017-08-24 08:46:00'),
(226, 13, 'Сарыагашский УВД', '2017-08-24 08:46:00', '2017-08-24 08:46:00'),
(227, 13, 'Толебиский РОВД', '2017-08-24 08:46:00', '2017-08-24 08:46:00'),
(228, 13, 'Тулкибаский РОВД', '2017-08-24 08:46:00', '2017-08-24 08:46:00'),
(229, 13, 'Туркистанский УВД', '2017-08-24 08:46:00', '2017-08-24 08:46:00'),
(230, 13, 'Казыгуртский РОВД', '2017-08-24 08:46:00', '2017-08-24 08:46:00'),
(231, 13, 'Шардаринский РОВД', '2017-08-24 08:46:00', '2017-08-24 08:46:00'),
(232, 2, 'Юго-Восточное ДВД на транспорте', '2017-08-24 08:46:00', '2017-08-24 08:46:00'),
(233, 2, 'ЛОВД на ст.Луговой', '2017-08-24 08:46:00', '2017-08-24 08:46:00'),
(234, 2, 'ЛОВД на ст. Арыс', '2017-08-24 08:46:00', '2017-08-24 08:46:00'),
(235, 2, 'ЛОВД на ст. Шымкент', '2017-08-24 08:46:00', '2017-08-24 08:46:00'),
(236, 2, 'ЛОВД на ст. Жамбыл', '2017-08-24 08:46:00', '2017-08-24 08:46:00'),
(237, 2, 'ЛОВД на ст.Семипалатинск', '2017-08-24 08:46:00', '2017-08-24 08:46:00'),
(238, 2, 'ЛОВД на ст.Шу', '2017-08-24 08:46:00', '2017-08-24 08:46:00'),
(239, 2, 'ЛОВД на ст. Защита', '2017-08-24 08:46:00', '2017-08-24 08:46:00'),
(240, 2, 'ЛОВД на ст.Уштобе', '2017-08-24 08:46:00', '2017-08-24 08:46:00'),
(241, 2, 'ЛОВД на ст.Алматы-1', '2017-08-24 08:46:00', '2017-08-24 08:46:00'),
(242, 2, 'ЛОВД аэропорта г. Алматы', '2017-08-24 08:46:00', '2017-08-24 08:46:00'),
(243, 2, 'ЛОВД на ст.Алматы-2', '2017-08-24 08:46:00', '2017-08-24 08:46:00'),
(244, 4, 'ДВД на транспорте Западно-Казахстанской области', '2017-08-24 08:46:00', '2017-08-24 08:46:00'),
(245, 4, 'ЛОВД на ст. Кызылорда', '2017-08-24 08:46:00', '2017-08-24 08:46:00'),
(246, 4, 'ЛОВД на ст. Кандыагаш', '2017-08-24 08:46:00', '2017-08-24 08:46:00'),
(247, 4, 'ЛОВД на ст. Актобе', '2017-08-24 08:46:00', '2017-08-24 08:46:00'),
(248, 4, 'ЛОВД на ст. Уральск', '2017-08-24 08:46:00', '2017-08-24 08:46:00'),
(249, 4, 'ЛОВД на ст. Атырау', '2017-08-24 08:46:00', '2017-08-24 08:46:00'),
(250, 4, 'ЛОВД на ст.Актау', '2017-08-24 08:46:00', '2017-08-24 08:46:00'),
(251, 1, 'УВД района «Сарыарка»', '2017-08-24 08:46:00', '2017-08-24 08:46:00'),
(252, 1, 'Центральный ДВД на транспорте', '2017-08-24 08:46:00', '2017-08-24 08:46:00'),
(253, 1, 'ЛОВД на ст.Астана', '2017-08-24 08:46:00', '2017-08-24 08:46:00'),
(254, 1, 'ЛОВД в а\\п Астана', '2017-08-24 08:46:00', '2017-08-24 08:46:00'),
(255, 1, 'ЛОВД на ст.Павлодар', '2017-08-24 08:46:00', '2017-08-24 08:46:00'),
(256, 1, 'ЛОВД на ст.Караганда-Сортировочная', '2017-08-24 08:46:00', '2017-08-24 08:46:00'),
(257, 1, 'ЛОВД на ст.Кокшетау', '2017-08-24 08:46:00', '2017-08-24 08:46:00'),
(258, 1, 'ЛОВД на ст.Петропавловск', '2017-08-24 08:46:00', '2017-08-24 08:46:00'),
(259, 1, 'ЛОВД на ст.Костанай', '2017-08-24 08:46:00', '2017-08-24 08:46:00');

-- --------------------------------------------------------

--
-- Структура таблицы `expertise_approves`
--

CREATE TABLE `expertise_approves` (
  `id` int(10) UNSIGNED NOT NULL,
  `expertise_info_id` int(11) NOT NULL,
  `user_id` int(11) NOT NULL,
  `order` tinyint(4) NOT NULL,
  `info` text COLLATE utf8_unicode_ci,
  `status` tinyint(4) NOT NULL DEFAULT '0',
  `created_at` timestamp NULL DEFAULT NULL,
  `updated_at` timestamp NULL DEFAULT NULL
) ENGINE=InnoDB DEFAULT CHARSET=utf8 COLLATE=utf8_unicode_ci;

-- --------------------------------------------------------

--
-- Структура таблицы `expertise_categories`
--

CREATE TABLE `expertise_categories` (
  `id` int(10) UNSIGNED NOT NULL,
  `name` varchar(255) COLLATE utf8_unicode_ci NOT NULL,
  `created_at` timestamp NULL DEFAULT NULL,
  `updated_at` timestamp NULL DEFAULT NULL
) ENGINE=InnoDB DEFAULT CHARSET=utf8 COLLATE=utf8_unicode_ci;

--
-- Дамп данных таблицы `expertise_categories`
--

INSERT INTO `expertise_categories` (`id`, `name`, `created_at`, `updated_at`) VALUES
(1, 'Уголовное', '2017-08-24 08:46:00', '2017-08-24 08:46:00'),
(2, 'Гравжданское', '2017-08-24 08:46:00', '2017-08-24 08:46:00'),
(3, 'Административное', '2017-08-24 08:46:00', '2017-08-24 08:46:00');

-- --------------------------------------------------------

--
-- Структура таблицы `expertise_infos`
--

CREATE TABLE `expertise_infos` (
  `id` int(10) UNSIGNED NOT NULL,
  `expertise_id` int(11) NOT NULL,
  `expertise_speciality_id` int(11) NOT NULL,
  `category_of_difficulty` varchar(255) COLLATE utf8_unicode_ci DEFAULT NULL,
  `questions_count` int(11) NOT NULL DEFAULT '0',
  `objects_count` int(11) NOT NULL DEFAULT '0',
  `expiration_date` varchar(255) COLLATE utf8_unicode_ci DEFAULT NULL,
  `reason_for_suspension` varchar(255) COLLATE utf8_unicode_ci DEFAULT NULL,
  `suspension_date` varchar(255) COLLATE utf8_unicode_ci DEFAULT NULL,
  `renewal_date` varchar(255) COLLATE utf8_unicode_ci DEFAULT NULL,
  `document_id` int(11) NOT NULL DEFAULT '0',
  `correspondence_id` int(11) NOT NULL DEFAULT '0',
  `finish_date` varchar(255) COLLATE utf8_unicode_ci DEFAULT NULL,
  `actual_days` int(11) NOT NULL DEFAULT '0',
  `production_days` int(11) NOT NULL DEFAULT '0',
  `result_of_research` varchar(255) COLLATE utf8_unicode_ci DEFAULT '0',
  `categorical_conclusions` int(11) NOT NULL DEFAULT '0',
  `probable_conclusions` int(11) NOT NULL DEFAULT '0',
  `wnp` int(11) NOT NULL DEFAULT '0',
  `unsolved_issues_count` int(11) NOT NULL DEFAULT '0',
  `conclusions_count` int(11) NOT NULL DEFAULT '0',
  `categorical_conclusions_positive` int(11) NOT NULL DEFAULT '0',
  `categorical_conclusions_negative` int(11) NOT NULL DEFAULT '0',
  `cost` int(11) NOT NULL DEFAULT '0',
  `payment_note` varchar(255) COLLATE utf8_unicode_ci DEFAULT NULL,
  `payment_note_document_number` varchar(255) COLLATE utf8_unicode_ci DEFAULT NULL,
  `payment_note_document_date` varchar(255) COLLATE utf8_unicode_ci DEFAULT NULL,
  `return_reason` text COLLATE utf8_unicode_ci,
  `rigs` text COLLATE utf8_unicode_ci,
  `user_id` int(11) NOT NULL,
  `parent_id` int(11) NOT NULL DEFAULT '0',
  `status` tinyint(1) NOT NULL DEFAULT '0',
  `is_stopped` tinyint(1) NOT NULL DEFAULT '0',
  `created_at` timestamp NULL DEFAULT NULL,
  `updated_at` timestamp NULL DEFAULT NULL
) ENGINE=InnoDB DEFAULT CHARSET=utf8 COLLATE=utf8_unicode_ci;

-- --------------------------------------------------------

--
-- Структура таблицы `expertise_organs`
--

CREATE TABLE `expertise_organs` (
  `id` int(10) UNSIGNED NOT NULL,
  `name` varchar(255) COLLATE utf8_unicode_ci NOT NULL,
  `created_at` timestamp NULL DEFAULT NULL,
  `updated_at` timestamp NULL DEFAULT NULL
) ENGINE=InnoDB DEFAULT CHARSET=utf8 COLLATE=utf8_unicode_ci;

--
-- Дамп данных таблицы `expertise_organs`
--

INSERT INTO `expertise_organs` (`id`, `name`, `created_at`, `updated_at`) VALUES
(1, 'Суды', '2017-08-24 08:46:00', '2017-08-24 08:46:00'),
(2, 'Прокуратура', '2017-08-24 08:46:00', '2017-08-24 08:46:00'),
(3, 'Орган внутренних дел', '2017-08-24 08:46:00', '2017-08-24 08:46:00'),
(4, 'Комитет Национальной Безопасности', '2017-08-24 08:46:00', '2017-08-24 08:46:00'),
(5, 'Национальное бюро по противодействию коррупции', '2017-08-24 08:46:00', '2017-08-24 08:46:00'),
(6, 'Комитет государственных доходов', '2017-08-24 08:46:00', '2017-08-24 08:46:00'),
(7, 'Военно – следственный департамент МВД РК', '2017-08-24 08:46:00', '2017-08-24 08:46:00'),
(8, 'Адвокатура', '2017-08-24 08:46:00', '2017-08-24 08:46:00'),
(9, 'Следственный судья', '2017-08-24 08:46:00', '2017-08-24 08:46:00'),
(10, 'Прочие', '2017-08-24 08:46:00', '2017-08-24 08:46:00');

-- --------------------------------------------------------

--
-- Структура таблицы `expertise_regions`
--

CREATE TABLE `expertise_regions` (
  `id` int(10) UNSIGNED NOT NULL,
  `name` varchar(255) COLLATE utf8_unicode_ci NOT NULL,
  `created_at` timestamp NULL DEFAULT NULL,
  `updated_at` timestamp NULL DEFAULT NULL
) ENGINE=InnoDB DEFAULT CHARSET=utf8 COLLATE=utf8_unicode_ci;

--
-- Дамп данных таблицы `expertise_regions`
--

INSERT INTO `expertise_regions` (`id`, `name`, `created_at`, `updated_at`) VALUES
(1, 'г. Астана', '2017-08-24 08:46:00', '2017-08-24 08:46:00'),
(2, 'г. Алматы', '2017-08-24 08:46:00', '2017-08-24 08:46:00'),
(3, 'Акмолинская обл.', '2017-08-24 08:46:00', '2017-08-24 08:46:00'),
(4, 'Актюбинская обл.', '2017-08-24 08:46:00', '2017-08-24 08:46:00'),
(5, 'Алматинская  обл.', '2017-08-24 08:46:00', '2017-08-24 08:46:00'),
(6, 'Атырауская обл.', '2017-08-24 08:46:00', '2017-08-24 08:46:00'),
(7, 'Западно-Казахстанская обл.', '2017-08-24 08:46:00', '2017-08-24 08:46:00'),
(8, 'Жамбылская обл.', '2017-08-24 08:46:00', '2017-08-24 08:46:00'),
(9, 'Карагандинская обл.', '2017-08-24 08:46:00', '2017-08-24 08:46:00'),
(10, 'Костанайская обл.', '2017-08-24 08:46:00', '2017-08-24 08:46:00'),
(11, 'Кызылординская обл.', '2017-08-24 08:46:00', '2017-08-24 08:46:00'),
(12, 'Мангистауская обл.', '2017-08-24 08:46:00', '2017-08-24 08:46:00'),
(13, 'Южно-Казахстанская обл.', '2017-08-24 08:46:00', '2017-08-24 08:46:00'),
(14, 'Павлодарская обл.', '2017-08-24 08:46:00', '2017-08-24 08:46:00'),
(15, 'Северо-Казахстанская обл.', '2017-08-24 08:46:00', '2017-08-24 08:46:00'),
(16, 'Восточно-Казахстанская обл.', '2017-08-24 08:46:00', '2017-08-24 08:46:00');

-- --------------------------------------------------------

--
-- Структура таблицы `expertise_specialists`
--

CREATE TABLE `expertise_specialists` (
  `id` int(10) UNSIGNED NOT NULL,
  `expert_id` int(11) NOT NULL,
  `expertise_speciality_id` int(11) NOT NULL,
  `created_at` timestamp NULL DEFAULT NULL,
  `updated_at` timestamp NULL DEFAULT NULL
) ENGINE=InnoDB DEFAULT CHARSET=utf8 COLLATE=utf8_unicode_ci;

--
-- Дамп данных таблицы `expertise_specialists`
--

INSERT INTO `expertise_specialists` (`id`, `expert_id`, `expertise_speciality_id`, `created_at`, `updated_at`) VALUES
(2, 35, 38, NULL, NULL),
(3, 68, 8, NULL, NULL),
(4, 68, 9, NULL, NULL),
(5, 69, 5, NULL, NULL),
(6, 40, 29, NULL, NULL),
(7, 40, 32, NULL, NULL),
(8, 38, 22, NULL, NULL),
(9, 38, 23, NULL, NULL),
(10, 38, 24, NULL, NULL),
(11, 38, 25, NULL, NULL),
(12, 165, 49, NULL, NULL),
(13, 165, 50, NULL, NULL),
(14, 165, 51, NULL, NULL),
(15, 43, 15, NULL, NULL),
(16, 43, 16, NULL, NULL),
(17, 43, 35, NULL, NULL),
(18, 43, 37, NULL, NULL),
(19, 43, 38, NULL, NULL),
(20, 33, 12, NULL, NULL),
(21, 59, 47, NULL, NULL),
(22, 63, 50, NULL, NULL),
(23, 63, 51, NULL, NULL),
(24, 79, 1, NULL, NULL),
(25, 55, 29, NULL, NULL),
(26, 55, 31, NULL, NULL),
(27, 55, 31, NULL, NULL),
(28, 34, 11, NULL, NULL),
(29, 44, 18, NULL, NULL),
(30, 44, 19, NULL, NULL),
(31, 44, 20, NULL, NULL),
(32, 44, 28, NULL, NULL),
(33, 44, 44, NULL, NULL),
(34, 2, 31, NULL, NULL),
(35, 66, 5, NULL, NULL),
(36, 66, 6, NULL, NULL),
(37, 66, 26, NULL, NULL),
(38, 163, 49, NULL, NULL),
(39, 163, 50, NULL, NULL),
(40, 163, 51, NULL, NULL),
(41, 56, 18, NULL, NULL),
(42, 56, 20, NULL, NULL),
(43, 56, 28, NULL, NULL),
(44, 86, 5, NULL, NULL),
(45, 70, 1, NULL, NULL),
(46, 70, 2, NULL, NULL),
(47, 70, 4, NULL, NULL),
(48, 70, 8, NULL, NULL),
(49, 70, 9, NULL, NULL),
(50, 45, 26, NULL, NULL),
(51, 45, 27, NULL, NULL),
(52, 45, 30, NULL, NULL),
(53, 107, 56, NULL, NULL),
(54, 23, 10, NULL, NULL),
(55, 23, 38, NULL, NULL),
(56, 23, 45, NULL, NULL),
(57, 71, 2, NULL, NULL),
(58, 71, 26, NULL, NULL),
(59, 28, 15, NULL, NULL),
(60, 28, 11, NULL, NULL),
(61, 28, 12, NULL, NULL),
(63, 52, 28, NULL, NULL),
(64, 52, 20, NULL, NULL),
(65, 52, 18, NULL, NULL),
(66, 52, 19, NULL, NULL),
(67, 94, 51, NULL, NULL),
(68, 46, 29, NULL, NULL),
(69, 46, 31, NULL, NULL),
(70, 46, 32, NULL, NULL),
(71, 26, 41, NULL, NULL),
(72, 48, 29, NULL, NULL),
(73, 48, 31, NULL, NULL),
(74, 48, 32, NULL, NULL),
(75, 88, 51, NULL, NULL),
(76, 58, 29, NULL, NULL),
(77, 93, 51, NULL, NULL),
(78, 32, 41, NULL, NULL),
(79, 87, 5, NULL, NULL),
(80, 51, 22, NULL, NULL),
(81, 51, 23, NULL, NULL),
(82, 51, 25, NULL, NULL),
(83, 50, 29, NULL, NULL),
(84, 50, 31, NULL, NULL),
(85, 50, 32, NULL, NULL),
(86, 37, 22, NULL, NULL),
(87, 37, 23, NULL, NULL),
(88, 37, 24, NULL, NULL),
(89, 37, 25, NULL, NULL),
(90, 101, 56, NULL, NULL),
(91, 72, 1, NULL, NULL),
(92, 72, 2, NULL, NULL),
(93, 72, 4, NULL, NULL),
(94, 72, 8, NULL, NULL);

-- --------------------------------------------------------

--
-- Структура таблицы `expertise_specialities`
--

CREATE TABLE `expertise_specialities` (
  `id` int(10) UNSIGNED NOT NULL,
  `name` varchar(255) COLLATE utf8_unicode_ci NOT NULL,
  `code` varchar(255) COLLATE utf8_unicode_ci NOT NULL,
  `expertise_type_id` int(11) NOT NULL,
  `created_at` timestamp NULL DEFAULT NULL,
  `updated_at` timestamp NULL DEFAULT NULL
) ENGINE=InnoDB DEFAULT CHARSET=utf8 COLLATE=utf8_unicode_ci;

--
-- Дамп данных таблицы `expertise_specialities`
--

INSERT INTO `expertise_specialities` (`id`, `name`, `code`, `expertise_type_id`, `created_at`, `updated_at`) VALUES
(1, 'Судебно-экспертное исследование почерка и подписей', '1.1', 1, '2017-08-22 17:58:19', '2017-08-22 17:58:19'),
(2, 'Судебно-техническое исследование документов', '1.2', 1, '2017-08-22 17:58:19', '2017-08-22 17:58:19'),
(3, 'Судебно-автороведческое исследование', '1.3', 1, '2017-08-22 17:58:19', '2017-08-22 17:58:19'),
(4, 'Судебно-экспертное габитологическое исследование', '2.1', 2, '2017-08-22 17:58:19', '2017-08-22 17:58:19'),
(5, 'Судебно-экспертное фонографическое исследование. Спектральное (инструментальное) исследование голоса и звучащей речи', '3.1', 3, '2017-08-22 17:58:19', '2017-08-22 17:58:19'),
(6, 'Судебно-экспертное фонографическое исследование. Аудитивное и лингвистическое исследования голоса и звучащей речи', '3.2', 3, '2017-08-22 17:58:19', '2017-08-22 17:58:19'),
(7, 'Судебно-экспертное фототехническое исследование', '4.1', 4, '2017-08-22 17:58:19', '2017-08-22 17:58:19'),
(8, 'Судебно-экспертное трасологическое исследование', '5.1', 5, '2017-08-22 17:58:19', '2017-08-22 17:58:19'),
(9, 'Судебно-экспертное баллистическое исследование', '6.1', 6, '2017-08-22 17:58:19', '2017-08-22 17:58:19'),
(10, 'Судебно-экспертное исследование лакокрасочных материалов, покрытий и полимерных материалов', '7.1', 7, '2017-08-22 17:58:19', '2017-08-22 17:58:19'),
(11, 'Судебно-экспертное исследование нефтепродуктов и горюче-смазочных материалов', '7.2', 7, '2017-08-22 17:58:19', '2017-08-22 17:58:19'),
(12, 'Судебно-экспертное исследование металлов и сплавов', '7.3', 7, '2017-08-22 17:58:19', '2017-08-22 17:58:19'),
(13, 'Судебно-экспертное исследование почв', '7.4', 7, '2017-08-22 17:58:19', '2017-08-22 17:58:19'),
(14, 'Судебно-экспертное исследование волокнистых материалов и изделий из них', '7.5', 7, '2017-08-22 17:58:19', '2017-08-22 17:58:19'),
(15, 'Судебно-экспертное исследование спиртосодержащих жидкостей', '7.6', 7, '2017-08-22 17:58:19', '2017-08-22 17:58:19'),
(16, 'Судебно-экспертное исследование специальных химических веществ', '7.7', 7, '2017-08-22 17:58:19', '2017-08-22 17:58:19'),
(17, 'Судебно-экспертное исследование изделий из стекла, керамики и силикатных строительных материалов', '7.8', 7, '2017-08-22 17:58:19', '2017-08-22 17:58:19'),
(18, 'Судебно-экспертное исследование обстоятельств дорожно-транспортных происшествий', '8.1', 8, '2017-08-22 17:58:19', '2017-08-22 17:58:19'),
(19, 'Судебно-экспертное транспортно-трасологическое исследование', '8.2', 8, '2017-08-22 17:58:19', '2017-08-22 17:58:19'),
(20, 'Судебно-экспертное исследование транспортных средств', '8.3', 8, '2017-08-22 17:58:19', '2017-08-22 17:58:19'),
(21, 'Судебно-экспертное исследование технического состояния дороги, дорожных условий на месте ДТП', '8.4', 8, '2017-08-22 17:58:19', '2017-08-22 17:58:19'),
(22, 'Судебно-экспертное исследование хозяйственных операций', '9.1', 9, '2017-08-22 17:58:19', '2017-08-22 17:58:19'),
(23, 'Судебно-экспертное бухгалтерское исследование', '9.2', 9, '2017-08-22 17:58:19', '2017-08-22 17:58:19'),
(24, 'Судебно-экспертное финансово-кредитное исследование', '9.3', 9, '2017-08-22 17:58:19', '2017-08-22 17:58:19'),
(25, 'Судебно-экспертное финансово-бюджетное исследование', '9.4', 9, '2017-08-22 17:58:19', '2017-08-22 17:58:19'),
(26, 'Судебно-экспертное товароведческое исследование непродовольственных товаров', '10.1', 10, '2017-08-22 17:58:19', '2017-08-22 17:58:19'),
(27, 'Судебно-экспертное товароведческое исследование продовольственных товаров', '10.2', 10, '2017-08-22 17:58:19', '2017-08-22 17:58:19'),
(28, 'Судебно-экспертное автотовароведческое исследование', '10.3', 10, '2017-08-22 17:58:19', '2017-08-22 17:58:19'),
(29, 'Судебно-экспертное строительно-товароведческое исследование', '10.4', 10, '2017-08-22 17:58:19', '2017-08-22 17:58:19'),
(30, 'Судебно-экспертное товароведческое исследование аудиовизуального и программного продукта', '10.5', 10, '2017-08-22 17:58:19', '2017-08-22 17:58:19'),
(31, 'Судебно-экспертное строительно-экономическое исследование зданий и сооружений', '11.1', 11, '2017-08-22 17:58:19', '2017-08-22 17:58:19'),
(32, 'Судебно-экспертное строительно-техническое исследование зданий и сооружений', '11.2', 11, '2017-08-22 17:58:19', '2017-08-22 17:58:19'),
(33, 'Судебно-экспертное технологическое исследование', '12.1', 12, '2017-08-22 17:58:19', '2017-08-22 17:58:19'),
(34, 'Судебно-экспертное исследование средств компьютерной технологии', '12.2', 12, '2017-08-22 17:58:19', '2017-08-22 17:58:19'),
(35, 'Судебно-экспертное исследование обстоятельств пожаров', '13.1', 13, '2017-08-22 17:58:19', '2017-08-22 17:58:19'),
(36, 'Судебно-экспертное электротехническое исследование', '13.2', 13, '2017-08-22 17:58:19', '2017-08-22 17:58:19'),
(37, 'Судебно-экспертное исследование обстоятельств взрывов', '14.1', 14, '2017-08-22 17:58:19', '2017-08-22 17:58:19'),
(38, 'Судебно-экспертное исследование наркотических средств, психотропных веществ, их аналогов и прекурсоров', '15.1', 15, '2017-08-22 17:58:19', '2017-08-22 17:58:19'),
(39, 'Судебно-экспертное биологическое исследование объектов растительного происхождения', '16.1', 16, '2017-08-22 17:58:19', '2017-08-22 17:58:19'),
(40, 'Судебно-экспертное биологическое исследование объектов животного происхождения', '16.2', 16, '2017-08-22 17:58:19', '2017-08-22 17:58:19'),
(41, 'Судебно-экспертное молекулярно-генетическое исследование', '17.1', 17, '2017-08-22 17:58:19', '2017-08-22 17:58:19'),
(42, 'Судебно-экспертное психолого-криминалистическое исследование', '18.1', 18, '2017-08-22 17:58:19', '2017-08-22 17:58:19'),
(43, 'Судебно-экспертное психолого-филологическое исследование', '18.2', 18, '2017-08-22 17:58:19', '2017-08-22 17:58:19'),
(44, 'Судебно-экспертное инженерно-психофизиологическое исследование', '18.3', 18, '2017-08-22 17:58:19', '2017-08-22 17:58:19'),
(45, 'Судебно-экспертное экологическое исследование', '19.1', 19, '2017-08-22 17:58:19', '2017-08-22 17:58:19'),
(46, 'Судебно-экспертное исследование генномодифицированных организмов', '20.1', 20, '2017-08-22 17:58:19', '2017-08-22 17:58:19'),
(47, 'Судебно-экспертное религиоведческое исследование', '21.1', 21, '2017-08-22 17:58:19', '2017-08-22 17:58:19'),
(48, 'Судебно-экспертное исследование железнодорожного транспорта', '22.1', 22, '2017-08-22 17:58:19', '2017-08-22 17:58:19'),
(49, 'Судебное общеэкспертное исследование трупа', '23.1', 23, '2017-08-22 17:58:19', '2017-08-22 17:58:19'),
(50, 'Судебно-экспертное гистологическое исследование трупного материала', '23.2', 23, '2017-08-22 17:58:19', '2017-08-22 17:58:19'),
(51, 'Судебно-экспертное гистохимическое исследование трупного материала', '23.3', 23, '2017-08-22 17:58:19', '2017-08-22 17:58:19'),
(52, 'Судебно-экспертное химико - токсикологическое исследование трупного материала', '23.4', 23, '2017-08-22 17:58:19', '2017-08-22 17:58:19'),
(53, 'Судебно-экспертное криминалистическое исследование трупного материала', '23.5', 23, '2017-08-22 17:58:19', '2017-08-22 17:58:19'),
(54, 'Судебное общеэкспертное исследование потерпевших, обвиняемых и других лиц', '24.1', 24, '2017-08-22 17:58:19', '2017-08-22 17:58:19'),
(55, 'Судебно-экспертное химико - токсикологическое исследование биологических объектов от живого лица', '24.2', 24, '2017-08-22 17:58:19', '2017-08-22 17:58:19'),
(56, 'Судебное общеэкспертное исследование по материалам уголовных, гражданских и административных дел', '25.1', 25, '2017-08-22 17:58:19', '2017-08-22 17:58:19'),
(57, 'Судебно-экспертное серологическое исследование биологических объектов', '26.1', 26, '2017-08-22 17:58:19', '2017-08-22 17:58:19'),
(58, 'Судебно-экспертное медицинское исследование волос.', '26.2', 26, '2017-08-22 17:58:19', '2017-08-22 17:58:19'),
(59, 'Судебно-экспертное цитологическое исследование', '26.3', 26, '2017-08-22 17:58:19', '2017-08-22 17:58:19'),
(60, 'Судебно-экспертное медицинское криминалистическое исследование', '26.4', 26, '2017-08-22 17:58:19', '2017-08-22 17:58:19'),
(61, 'Судебно-экспертное химико - токсикологическое исследование объектов не биологического происхождения.', '26.5', 26, '2017-08-22 17:58:19', '2017-08-22 17:58:19'),
(62, 'Судебно-экспертное биохимическое исследование биологических объектов', '27.1', 27, '2017-08-22 17:58:19', '2017-08-22 17:58:19');

-- --------------------------------------------------------

--
-- Структура таблицы `expertise_statuses`
--

CREATE TABLE `expertise_statuses` (
  `id` int(10) UNSIGNED NOT NULL,
  `name` varchar(255) COLLATE utf8_unicode_ci NOT NULL,
  `primary` tinyint(1) NOT NULL,
  `created_at` timestamp NULL DEFAULT NULL,
  `updated_at` timestamp NULL DEFAULT NULL
) ENGINE=InnoDB DEFAULT CHARSET=utf8 COLLATE=utf8_unicode_ci;

--
-- Дамп данных таблицы `expertise_statuses`
--

INSERT INTO `expertise_statuses` (`id`, `name`, `primary`, `created_at`, `updated_at`) VALUES
(1, 'Первичная', 1, '2017-08-24 08:46:00', '2017-08-24 08:46:00'),
(2, 'Дополнительная', 1, '2017-08-24 08:46:00', '2017-08-24 08:46:00'),
(3, 'Повторная', 1, '2017-08-24 08:46:00', '2017-08-24 08:46:00'),
(4, 'Единоличная', 0, '2017-08-24 08:46:00', '2017-08-24 08:46:00'),
(5, 'Комплексная', 0, '2017-08-24 08:46:00', '2017-08-24 08:46:00'),
(6, 'Комиссионная', 0, '2017-08-24 08:46:00', '2017-08-24 08:46:00');

-- --------------------------------------------------------

--
-- Структура таблицы `expertise_tasks`
--

CREATE TABLE `expertise_tasks` (
  `id` int(10) UNSIGNED NOT NULL,
  `user_id` int(11) NOT NULL,
  `executor_id` int(11) NOT NULL,
  `speciality_ids` varchar(255) COLLATE utf8_unicode_ci NOT NULL,
  `expertise_id` int(11) NOT NULL,
  `parent_id` int(11) NOT NULL DEFAULT '0',
  `status` tinyint(4) NOT NULL DEFAULT '0',
  `created_at` timestamp NULL DEFAULT NULL,
  `updated_at` timestamp NULL DEFAULT NULL
) ENGINE=InnoDB DEFAULT CHARSET=utf8 COLLATE=utf8_unicode_ci;

-- --------------------------------------------------------

--
-- Структура таблицы `expertise_types`
--

CREATE TABLE `expertise_types` (
  `id` int(10) UNSIGNED NOT NULL,
  `name` varchar(255) COLLATE utf8_unicode_ci NOT NULL,
  `created_at` timestamp NULL DEFAULT NULL,
  `updated_at` timestamp NULL DEFAULT NULL
) ENGINE=InnoDB DEFAULT CHARSET=utf8 COLLATE=utf8_unicode_ci;

--
-- Дамп данных таблицы `expertise_types`
--

INSERT INTO `expertise_types` (`id`, `name`, `created_at`, `updated_at`) VALUES
(1, 'Судебная экспертиза документов', '2017-08-22 17:58:19', '2017-08-22 17:58:19'),
(2, 'Судебная портретная экспертиза', '2017-08-22 17:58:19', '2017-08-22 17:58:19'),
(3, 'Судебная видеофонографическая экспертиза', '2017-08-22 17:58:19', '2017-08-22 17:58:19'),
(4, 'Судебная фототехническая экспертиза', '2017-08-22 17:58:19', '2017-08-22 17:58:19'),
(5, 'Судебная трасологическая экспертиза', '2017-08-22 17:58:19', '2017-08-22 17:58:19'),
(6, 'Судебная баллистическая экспертиза', '2017-08-22 17:58:19', '2017-08-22 17:58:19'),
(7, 'Судебная экспертиза веществ и материалов', '2017-08-22 17:58:19', '2017-08-22 17:58:19'),
(8, 'Судебная экспертиза обстоятельств дорожно-транспортных происшествий и транспортных средств', '2017-08-22 17:58:19', '2017-08-22 17:58:19'),
(9, 'Судебная экономическая экспертиза', '2017-08-22 17:58:19', '2017-08-22 17:58:19'),
(10, 'Судебная товароведческая экспертиза', '2017-08-22 17:58:19', '2017-08-22 17:58:19'),
(11, 'Судебная строительная экспертиза', '2017-08-22 17:58:19', '2017-08-22 17:58:19'),
(12, 'Судебная технологическая экспертиза', '2017-08-22 17:58:19', '2017-08-22 17:58:19'),
(13, 'Судебная пожарно-техническая экспертиза', '2017-08-22 17:58:19', '2017-08-22 17:58:19'),
(14, 'Судебная взрыво-техническая экспертиза', '2017-08-22 17:58:19', '2017-08-22 17:58:19'),
(15, 'Судебная экспертиза наркотических средств, психотропных веществ, их аналогов и прекурсоров', '2017-08-22 17:58:19', '2017-08-22 17:58:19'),
(16, 'Судебная биологическая экспертиза', '2017-08-22 17:58:19', '2017-08-22 17:58:19'),
(17, 'Судебная молекулярно-генетическая экспертиза', '2017-08-22 17:58:19', '2017-08-22 17:58:19'),
(18, 'Судебная экспертиза психофизиологических процессов человека', '2017-08-22 17:58:19', '2017-08-22 17:58:19'),
(19, 'Судебная экологическая экспертиза', '2017-08-22 17:58:19', '2017-08-22 17:58:19'),
(20, 'Судебная экспертиза генномодифицированных организмов', '2017-08-22 17:58:19', '2017-08-22 17:58:19'),
(21, 'Судебная религиоведческая экспертиза', '2017-08-22 17:58:19', '2017-08-22 17:58:19'),
(22, 'Судебная экспертиза техногенных катастроф', '2017-08-22 17:58:19', '2017-08-22 17:58:19'),
(23, 'Судебно-медицинская экспертиза трупа', '2017-08-22 17:58:19', '2017-08-22 17:58:19'),
(24, 'Судебно-медицинская экспертиза потерпевших, обвиняемых и других лиц', '2017-08-22 17:58:19', '2017-08-22 17:58:19'),
(25, 'Судебно-медицинская экспертиза по материалам уголовных, гражданских и административных дел', '2017-08-22 17:58:19', '2017-08-22 17:58:19'),
(26, 'Судебно-медицинская экспертиза вещественных доказательств', '2017-08-22 17:58:19', '2017-08-22 17:58:19'),
(27, 'Судебно-биохимическая экспертиза биологических объектов', '2017-08-22 17:58:19', '2017-08-22 17:58:19'),
(28, 'Судебно-медицинская экспертиза вещественных доказательств', NULL, NULL),
(29, 'Судебно-биохимическая экспертиза биологических объектов', NULL, NULL);

-- --------------------------------------------------------

--
-- Структура таблицы `files`
--

CREATE TABLE `files` (
  `id` int(10) UNSIGNED NOT NULL,
  `name` varchar(255) COLLATE utf8_unicode_ci NOT NULL,
  `url` varchar(255) COLLATE utf8_unicode_ci NOT NULL,
  `created_at` timestamp NULL DEFAULT NULL,
  `updated_at` timestamp NULL DEFAULT NULL
) ENGINE=InnoDB DEFAULT CHARSET=utf8 COLLATE=utf8_unicode_ci;

-- --------------------------------------------------------

--
-- Структура таблицы `languages`
--

CREATE TABLE `languages` (
  `id` int(10) UNSIGNED NOT NULL,
  `name` varchar(255) COLLATE utf8_unicode_ci NOT NULL,
  `created_at` timestamp NULL DEFAULT NULL,
  `updated_at` timestamp NULL DEFAULT NULL
) ENGINE=InnoDB DEFAULT CHARSET=utf8 COLLATE=utf8_unicode_ci;

--
-- Дамп данных таблицы `languages`
--

INSERT INTO `languages` (`id`, `name`, `created_at`, `updated_at`) VALUES
(1, 'Руский', '2017-08-24 08:46:00', '2017-08-24 08:46:00'),
(2, 'Казахский', '2017-08-24 08:46:00', '2017-08-24 08:46:00');

-- --------------------------------------------------------

--
-- Структура таблицы `migrations`
--

CREATE TABLE `migrations` (
  `id` int(10) UNSIGNED NOT NULL,
  `migration` varchar(255) COLLATE utf8_unicode_ci NOT NULL,
  `batch` int(11) NOT NULL
) ENGINE=InnoDB DEFAULT CHARSET=utf8 COLLATE=utf8_unicode_ci;

--
-- Дамп данных таблицы `migrations`
--

INSERT INTO `migrations` (`id`, `migration`, `batch`) VALUES
(418, '2014_10_12_000000_create_users_table', 1),
(419, '2014_10_12_100000_create_password_resets_table', 1),
(420, '2017_08_05_155602_create_departments_table', 1),
(421, '2017_08_05_155656_create_positions_table', 1),
(422, '2017_08_06_120708_create_correspondences_table', 1),
(423, '2017_08_06_121121_create_languages_table', 1),
(424, '2017_08_06_155415_create_files_table', 1),
(425, '2017_08_06_155658_create_documents_table', 1),
(426, '2017_08_06_155711_create_document_types_table', 1),
(427, '2017_08_06_160945_create_nomenclatures_table', 1),
(428, '2017_08_09_172545_create_document_approves_table', 1),
(429, '2017_08_09_180409_create_expertises_table', 1),
(430, '2017_08_09_182350_create_expertise_categories_table', 1),
(431, '2017_08_09_185437_create_expertise_regions_table', 1),
(432, '2017_08_09_185545_create_expertise_agencies_table', 1),
(433, '2017_08_09_201749_create_expertise_types_table', 1),
(434, '2017_08_09_202051_create_expertise_specialities_table', 1),
(435, '2017_08_10_192409_create_document_permissions_table', 1),
(436, '2017_08_11_145826_create_expertise_statuses_table', 1),
(437, '2017_08_12_152919_create_expertise_organs_table', 1),
(438, '2017_08_13_184241_create_correspondents_table', 1),
(439, '2017_08_16_025304_create_tasks_table', 1),
(440, '2017_08_21_224155_create_register_numbers_table', 1),
(441, '2017_08_22_221957_create_expertise_tasks_table', 1),
(442, '2017_08_22_235639_create_expertise_specialists_table', 1),
(443, '2017_08_23_031705_create_expertise_infos_table', 1),
(444, '2017_08_24_035442_create_expertise_approves_table', 1);

-- --------------------------------------------------------

--
-- Структура таблицы `nomenclatures`
--

CREATE TABLE `nomenclatures` (
  `id` int(10) UNSIGNED NOT NULL,
  `name` varchar(255) COLLATE utf8_unicode_ci NOT NULL,
  `code` varchar(255) COLLATE utf8_unicode_ci NOT NULL,
  `created_at` timestamp NULL DEFAULT NULL,
  `updated_at` timestamp NULL DEFAULT NULL
) ENGINE=InnoDB DEFAULT CHARSET=utf8 COLLATE=utf8_unicode_ci;

--
-- Дамп данных таблицы `nomenclatures`
--

INSERT INTO `nomenclatures` (`id`, `name`, `code`, `created_at`, `updated_at`) VALUES
(1, 'Руководство', '01-01', '2017-08-24 08:46:00', '2017-08-24 08:46:00'),
(2, 'Бухгалтерия', '02-01', '2017-08-24 08:46:00', '2017-08-24 08:46:00'),
(3, 'Отдел кадров', '03-01', '2017-08-24 08:46:00', '2017-08-24 08:46:00'),
(4, 'АУП', '04-01', '2017-08-24 08:46:00', '2017-08-24 08:46:00'),
(5, 'Отдел сложных экспертиз', '05-01', '2017-08-24 08:46:00', '2017-08-24 08:46:00'),
(6, 'Отдел по судебно-экспертным вопросам', '06-01', '2017-08-24 08:46:00', '2017-08-24 08:46:00'),
(7, 'Отдел по судебно-медицинским вопросам', '07-01', '2017-08-24 08:46:00', '2017-08-24 08:46:00'),
(8, 'Отдел по общим вопросам', '08-01', '2017-08-24 08:46:00', '2017-08-24 08:46:00'),
(9, 'Канцелярия', '09-01', '2017-08-24 08:46:00', '2017-08-24 08:46:00'),
(10, 'Исходящая корреспонденция', '10-01', '2017-08-24 08:46:00', '2017-08-24 08:46:00');

-- --------------------------------------------------------

--
-- Структура таблицы `password_resets`
--

CREATE TABLE `password_resets` (
  `email` varchar(255) COLLATE utf8_unicode_ci NOT NULL,
  `token` varchar(255) COLLATE utf8_unicode_ci NOT NULL,
  `created_at` timestamp NULL DEFAULT NULL
) ENGINE=InnoDB DEFAULT CHARSET=utf8 COLLATE=utf8_unicode_ci;

-- --------------------------------------------------------

--
-- Структура таблицы `positions`
--

CREATE TABLE `positions` (
  `id` int(10) UNSIGNED NOT NULL,
  `name` varchar(255) COLLATE utf8_unicode_ci NOT NULL,
  `created_at` timestamp NULL DEFAULT NULL,
  `updated_at` timestamp NULL DEFAULT NULL
) ENGINE=InnoDB DEFAULT CHARSET=utf8 COLLATE=utf8_unicode_ci;

--
-- Дамп данных таблицы `positions`
--

INSERT INTO `positions` (`id`, `name`, `created_at`, `updated_at`) VALUES
(1, 'Админ', '2017-08-24 08:45:59', '2017-08-24 08:45:59'),
(2, 'Директор', '2017-08-24 08:45:59', '2017-08-24 08:45:59'),
(3, 'Заместитель директора', '2017-08-24 08:45:59', '2017-08-24 08:45:59'),
(4, 'Инспектор по делопроизводству', '2017-08-24 08:45:59', '2017-08-24 08:45:59'),
(5, 'Лаборант', '2017-08-24 08:45:59', '2017-08-24 08:45:59'),
(6, 'Главный эксперт', '2017-08-24 08:45:59', '2017-08-24 08:45:59'),
(7, 'Старший эксперт', '2017-08-24 08:45:59', '2017-08-24 08:45:59'),
(8, 'Ведущий эксперт', '2017-08-24 08:45:59', '2017-08-24 08:45:59'),
(9, 'Техник', '2017-08-24 08:45:59', '2017-08-24 08:45:59'),
(10, 'Руководитель службы кадров', '2017-08-24 08:45:59', '2017-08-24 08:45:59'),
(11, 'Помощник руководителя', '2017-08-24 08:45:59', '2017-08-24 08:45:59'),
(12, 'Главный бухгалтер', '2017-08-24 08:45:59', '2017-08-24 08:45:59'),
(13, 'Расчетный бухгалтер', '2017-08-24 08:45:59', '2017-08-24 08:45:59'),
(14, 'Бухгалтер материального стола', '2017-08-24 08:45:59', '2017-08-24 08:45:59'),
(15, 'Экономист', '2017-08-24 08:45:59', '2017-08-24 08:45:59'),
(16, 'Бухгалтер-кассир', '2017-08-24 08:45:59', '2017-08-24 08:45:59'),
(17, 'Системный администратор', '2017-08-24 08:45:59', '2017-08-24 08:45:59'),
(18, 'Инженер', '2017-08-24 08:45:59', '2017-08-24 08:45:59'),
(19, 'Заведующий лабораторией', '2017-08-24 08:45:59', '2017-08-24 08:45:59'),
(20, 'Бухгалтер', '2017-08-24 08:45:59', '2017-08-24 08:45:59'),
(21, 'Инженер по государственным закупкам', '2017-08-24 08:45:59', '2017-08-24 08:45:59'),
(22, 'Инспектор по кадрам ', '2017-08-24 08:45:59', '2017-08-24 08:45:59'),
(23, 'Переводчик казахского языка', '2017-08-24 08:45:59', '2017-08-24 08:45:59'),
(24, 'Руководитель отдела', '2017-08-24 08:45:59', '2017-08-24 08:45:59'),
(25, 'Врач СМЭ', '2017-08-24 08:45:59', '2017-08-24 08:45:59'),
(26, 'Главная медицинская сестра', '2017-08-24 08:45:59', '2017-08-24 08:45:59'),
(27, 'Медицинская сестра', '2017-08-24 08:45:59', '2017-08-24 08:45:59'),
(28, 'Медрегистратор', '2017-08-24 08:45:59', '2017-08-24 08:45:59'),
(29, 'Санитар', '2017-08-24 08:45:59', '2017-08-24 08:45:59'),
(30, 'Сот-биологиялық бөлімнің санитары', '2017-08-24 08:45:59', '2017-08-24 08:45:59'),
(31, 'Врач судебно-медицинский эксперт', '2017-08-24 08:45:59', '2017-08-24 08:45:59'),
(32, 'Психолог', '2017-08-24 08:45:59', '2017-08-24 08:45:59'),
(33, 'Врач судебно-наркологический эксперт', '2017-08-24 08:45:59', '2017-08-24 08:45:59'),
(34, 'Врач судебно-психиатрический эксперт', '2017-08-24 08:45:59', '2017-08-24 08:45:59'),
(35, 'Фототехник', '2017-08-24 08:45:59', '2017-08-24 08:45:59'),
(36, 'Заведующий складом', '2017-08-24 08:45:59', '2017-08-24 08:45:59'),
(37, 'Инженер по обслуживанию холодильного оборудования', '2017-08-24 08:45:59', '2017-08-24 08:45:59'),
(38, 'Инженер по обслуживанию компьютерной  техники', '2017-08-24 08:45:59', '2017-08-24 08:45:59'),
(39, 'Инженер по обслуживанию медицинского и немедицинского оборудования', '2017-08-24 08:45:59', '2017-08-24 08:45:59'),
(40, 'Водитель ', '2017-08-24 08:45:59', '2017-08-24 08:45:59'),
(41, 'Электрик ', '2017-08-24 08:45:59', '2017-08-24 08:45:59'),
(42, 'Слесарь-сантехник', '2017-08-24 08:45:59', '2017-08-24 08:45:59'),
(43, 'Охранник', '2017-08-24 08:45:59', '2017-08-24 08:45:59'),
(44, 'Уборщик помещений', '2017-08-24 08:45:59', '2017-08-24 08:45:59'),
(45, 'Дворник ', '2017-08-24 08:45:59', '2017-08-24 08:45:59'),
(46, 'Эксперт', '2017-08-24 08:45:59', '2017-08-24 08:45:59');

-- --------------------------------------------------------

--
-- Структура таблицы `register_numbers`
--

CREATE TABLE `register_numbers` (
  `id` int(10) UNSIGNED NOT NULL,
  `number` int(11) NOT NULL,
  `user_id` int(11) NOT NULL,
  `is_income` tinyint(1) NOT NULL DEFAULT '0',
  `created_at` timestamp NULL DEFAULT NULL,
  `updated_at` timestamp NULL DEFAULT NULL
) ENGINE=InnoDB DEFAULT CHARSET=utf8 COLLATE=utf8_unicode_ci;

-- --------------------------------------------------------

--
-- Структура таблицы `tasks`
--

CREATE TABLE `tasks` (
  `id` int(10) UNSIGNED NOT NULL,
  `register_number` varchar(255) COLLATE utf8_unicode_ci DEFAULT NULL,
  `execution_period` timestamp NULL DEFAULT NULL,
  `info` text COLLATE utf8_unicode_ci NOT NULL,
  `user_id` int(11) NOT NULL,
  `executor_id` int(11) NOT NULL,
  `parent_id` int(11) NOT NULL DEFAULT '0',
  `correspondence_id` int(11) NOT NULL DEFAULT '0',
  `status` tinyint(4) NOT NULL DEFAULT '0',
  `created_at` timestamp NULL DEFAULT NULL,
  `updated_at` timestamp NULL DEFAULT NULL
) ENGINE=InnoDB DEFAULT CHARSET=utf8 COLLATE=utf8_unicode_ci;

-- --------------------------------------------------------

--
-- Структура таблицы `users`
--

CREATE TABLE `users` (
  `id` int(10) UNSIGNED NOT NULL,
  `first_name` varchar(255) COLLATE utf8_unicode_ci NOT NULL,
  `last_name` varchar(255) COLLATE utf8_unicode_ci NOT NULL,
  `middle_name` varchar(255) COLLATE utf8_unicode_ci DEFAULT NULL,
  `email` varchar(255) COLLATE utf8_unicode_ci NOT NULL,
  `password` varchar(255) COLLATE utf8_unicode_ci NOT NULL,
  `department_id` int(11) NOT NULL,
  `subdivision_id` int(11) NOT NULL DEFAULT '0',
  `position_id` int(11) NOT NULL,
  `is_director` tinyint(1) NOT NULL DEFAULT '0',
  `remember_token` varchar(100) COLLATE utf8_unicode_ci DEFAULT NULL,
  `created_at` timestamp NULL DEFAULT NULL,
  `updated_at` timestamp NULL DEFAULT NULL
) ENGINE=InnoDB DEFAULT CHARSET=utf8 COLLATE=utf8_unicode_ci;

--
-- Дамп данных таблицы `users`
--

INSERT INTO `users` (`id`, `first_name`, `last_name`, `middle_name`, `email`, `password`, `department_id`, `subdivision_id`, `position_id`, `is_director`, `remember_token`, `created_at`, `updated_at`) VALUES
(1, 'Ертай', 'Шарипканов', 'Серикканович', 'sharipkanov@gmail.com', '$2y$10$WvpZsHdTnQEUIa4yqjkQ.u.CvH4cfN2M48OgXJfFXzs3CpCknONIO', 0, 0, 1, 0, 'i9f2M7TDtf2I3QZvBvbFDd1g3ee9cskVMfimflfLDRHu2uP71M4LtxO72O1T', '2017-08-20 18:33:30', '2017-08-20 18:33:30'),
(2, 'Жамбыл', 'Бекжанов', 'Лесбекович', 'bekzhanov.zhambyl@cse-astana.kz', '$2y$10$MpSsXmpZnkf7jL1u.SQlY.en7WwOPAl9oONLBf8nS6s8WP/fI3DGK', 0, 0, 2, 1, 'GhHjdjRoic3agxBNA5CaNK0SW3QBymbLphMHxDMTGywNEnJm0s12XLQqyHgQ', '2017-08-20 18:33:30', '2017-08-20 18:33:30'),
(3, 'Галия', 'Сарсенбаева', 'Карибаевна', 'sarsenbayeva.galiya@cse-astana.kz', '$2y$10$6ispY6DJ0cz2KkSnnobCjunvPhho84HBAMsCpk9xFkahvVr8DJfv.', 2, 0, 3, 0, 'sFai0LU9JqDDRrVSCw8rQmCx6YnL237KFYpeyJCpEQoYqK73YrenRCgqQPnU', '2017-08-20 18:33:30', '2017-08-20 18:33:30'),
(4, 'Багдат', 'Тлегенов', 'Серикович', 'tlegenov.bagdat@cse-astana.kz', '$2y$10$O8LGZosBElL2aNVLRXp2rOHUZUH.TmiJ9G/.65KkAg//A3cx5OOkS', 2, 6, 19, 0, 'tAyw2w8PdLx13tEOwMVhIdRp0vzejplbk50lOG03tojgNt1HyP9KHELSTmtS', '2017-08-20 18:33:30', '2017-08-20 18:33:30'),
(5, 'Еркін', 'Таймас', 'Дүйсенбайұлы', 'taimas.erkin@cse-astana.kz', '$2y$10$4Q1kmLr0NGIsFBWFPzADd.2vUygIclzEoZyX9laMhF8arDgOri4Yu', 2, 6, 6, 0, 'BW3OU7LUUoHVabfXnrWftQFYhtBzOryeZEhbUyUJS3lUO4Eo6Dxjj5odNeWD', '2017-08-20 18:33:30', '2017-08-20 18:33:30'),
(6, 'Баглан', 'Нургожина', 'Рамазаншариповна', 'nurgozhina.baglan@cse-astana.kz', '$2y$10$5t2skx.p8.h9zdmevSJAMOOH0rStblemHr/M296aBlwoldSkZNXme', 1, 0, 4, 0, 'd3DEERXIq3da60KYqWU8w6Neuy4VS8rfTgpDvWPk2UQC7pOY85RS2hcIdhsc', '2017-08-20 18:33:30', '2017-08-20 18:33:30'),
(7, 'Бакыт', 'Валиуллина', 'Хамидуллаевна', 'valiullina.bakhyt@cse-astana.kz', '$2y$10$FCwbdHaW1GxPPZpuebRUf.yfkafIJ/TJ7KLBfCoEA.e.Ltj19i2Jy', 1, 0, 12, 0, NULL, '2017-08-20 18:54:07', '2017-08-20 18:54:07'),
(8, 'Ляйля', 'Шамгунова', 'Жаксалыковна', 'shamgunova.lyailya@cse-astana.kz', '$2y$10$A7ACPdIG5bJcKswJb/ayi.lu/t3OEyTOQTMQCkEtXWzFOMMoN9FWG', 1, 0, 20, 0, NULL, '2017-08-20 18:55:02', '2017-08-20 18:55:02'),
(9, 'Жулдызай', 'Кабдулова', 'Баскеновна', 'kabdulova.zhuldyzai@cse-astana.kz', '$2y$10$cgaQ2RjFR6ZAd7QT97pb.uH1thbm7cUGmzhTknL.XKUBY8P.zRWYG', 1, 0, 20, 0, NULL, '2017-08-20 18:55:57', '2017-08-20 18:55:57'),
(10, 'Казина', 'Калганбаева', 'Омурзаккызы', 'kalgabayeva.kazina@cse-astana.kz', '$2y$10$7LX7CrB1ULDIivkulWHLT.6/ic3SsjzjXoiv675kVyrI2kVws3Nmq', 1, 0, 20, 0, NULL, '2017-08-20 18:56:32', '2017-08-20 18:56:32'),
(11, 'Зарина', 'Ибраева', 'Муратовна', 'ibrayeva.zarina@cse-astana.kz', '$2y$10$yfdPA.nUt9fSJYJW0E2vOepJEpzPoisABGj86i/Y59voLErgcio2C', 1, 0, 20, 0, NULL, '2017-08-20 18:57:04', '2017-08-20 18:57:04'),
(12, 'Тимур', 'Елеусизов', 'Мухитович', 'eleusizov.timur@cse-astana.kz', '$2y$10$IwSxImNsXWcKJ.hKSoaDgOGJx6FwY7EAHsDXNYDAXRySsHgaPVZuy', 1, 0, 47, 0, NULL, '2017-08-20 18:58:48', '2017-08-20 18:58:48'),
(13, 'Әсем', 'Әлімхан', 'Бейбітқызы', 'alimkhan.asem@cse-astana.kz', '$2y$10$AHdz2A3xhtilllzQyqFn1OFQzE9UCb7W5xakAbEY/ekEgpK8gYgJS', 1, 0, 15, 0, NULL, '2017-08-20 18:59:44', '2017-08-20 18:59:44'),
(14, 'Аян', 'Каратай', 'Отегенулы', 'karatai.ayan@cse-astana.kz', '$2y$10$cgh9KMqQME5VTRukyVe/j.29E01JWRkmElkcCQSG4ZHiDFVmZOKuW', 1, 0, 21, 0, NULL, '2017-08-20 19:00:27', '2017-08-20 19:00:27'),
(15, 'Гаухар', 'Айтжанова', 'Куанышбековна', 'aitzhanova.gaukhar@cse-astana.kz', '$2y$10$qNHDgTcplaERhSQE9S4N4unXgBVQl4xPCREpUCDoGKYwx.SE47gBe', 1, 0, 22, 0, NULL, '2017-08-20 19:00:55', '2017-08-20 19:00:55'),
(16, 'Дидар', 'Нарбатырова', 'Каскырбаевна', 'narbatyrova.didar@cse-astana.kz', '$2y$10$s7Na.qXizheSwLE9S0.6tu/iOpFXi742hZmPtlEBhU7sLKuPbFINq', 1, 0, 23, 0, NULL, '2017-08-20 19:01:41', '2017-08-20 19:01:41'),
(17, 'Индира', 'Касымбекова', 'Алтынбековна', 'kasymbekova.indira@cse-astana.kz', '$2y$10$i536SelCVEPGloclPP8eGej4wVbjliItAjF1M6Q0MbqARPda1Xaa2', 1, 0, 4, 0, NULL, '2017-08-20 19:02:20', '2017-08-20 19:02:20'),
(18, 'Аягоз', 'Баимбетова', 'Абсатовна', 'baimbetova.ayagos@cse-astana.kz', '$2y$10$PtvPxcYlLw2zaga9e/QDUetbX3nvHrIQpXZjO9ZXpbTrHh/RpQV8e', 1, 0, 4, 0, NULL, '2017-08-20 19:02:45', '2017-08-20 19:02:45'),
(19, 'Асель', 'Боранбаева', 'Аманбаевна', 'borambayeva.asel@cse-astana.kz', '$2y$10$rbYkuHV/9YmfDCRtR8aPgOJNJzoLgLPr1E.SmHBgC/Mp9lKj2os3y', 1, 0, 4, 0, NULL, '2017-08-20 19:04:06', '2017-08-20 19:04:06'),
(20, 'Айдана', 'Ақылбек', 'Ақылбекқызы', 'akylbek.aidana@cse-astana.kz', '$2y$10$462pF07GpGs.lsSomHPusOeBqzSCqGywz7v5brt8z88mQIoB14.sO', 1, 0, 48, 0, NULL, '2017-08-20 19:05:17', '2017-08-20 19:05:17'),
(21, 'Инкар', 'Тажигулова', 'Мешитбаевна', 'tazhigulova.inkar@cse-astana.kz', '$2y$10$pUbnmCo0KchO.BvZ5OEV8.sl5scDb2MTLlrSA6luHAimJcNq6I5KG', 2, 5, 19, 0, NULL, '2017-08-20 19:07:32', '2017-08-20 19:07:32'),
(22, 'Жанель', 'Смагулова', 'Бахытовна', 'smagulova.zhanel@cse-astana.kz', '$2y$10$iPAP31gG6ZJPMpbFt8nfe.FeQqejT2Y8iFV6tVcx51Z0k14.qunTW', 2, 5, 6, 0, NULL, '2017-08-20 19:08:05', '2017-08-20 19:08:05'),
(23, 'Динара', 'Жакишева', 'Кабибулаевна', 'zhakisheva.dinara@cse-astana.kz', '$2y$10$bDA0pceqh6QOuPFTZ8O81OsmgGmxUXJzeKI3GKNKmd3UzPajvc9.C', 2, 5, 6, 0, NULL, '2017-08-20 19:08:40', '2017-08-20 19:08:40'),
(24, 'Лайла', 'Муканова', 'Канаткызы', 'mukhanova.laila@cse-astana.kz', '$2y$10$oJCDVikaJmDoN/xxGIe5qO.G8KhHR22vADiZ4fG1U8I2t0sUF6BMG', 2, 5, 6, 0, NULL, '2017-08-20 19:09:16', '2017-08-20 19:09:16'),
(25, 'Руслан', 'Шарипов', 'Сардарович', 'sharipov.ruslan@cse-astana.kz', '$2y$10$UYyJxFSamJ4O7fmpmnQnW.YYPhdS18tfWWwM2ruTEHtAU4y5h8RbO', 2, 5, 6, 0, NULL, '2017-08-20 19:10:08', '2017-08-20 19:10:08'),
(26, 'Асел', 'Жумалиева', 'Касымбековна', 'zhumaliyeva.asel@cse-astana.kz', '$2y$10$96x6oxqoDUmIZ4OXLpvlu.sh0vBMdfhcv3SZ0M/Dq.OrRsGqJNreu', 2, 5, 6, 0, NULL, '2017-08-20 19:10:45', '2017-08-20 19:10:45'),
(27, 'Оразбек', 'Сейтказин', 'Ерболович', 'seitkazin.orazbek@cse-astana.kz', '$2y$10$tp96f9048ZsAAl75OZdjiu4z4cWssZUpJcgucnbz8klG25am1vGdm', 2, 5, 8, 0, NULL, '2017-08-20 19:11:22', '2017-08-20 19:11:22'),
(28, 'Асемгуль', 'Жандильденова', 'Калыбековна', 'zhandildina.asemgul@cse-astana.kz', '$2y$10$2Mg8E3pBaFGN9dvixxHLieT0hfmSmkdko.1kchTGZ77KICMUVWRni', 2, 5, 8, 0, NULL, '2017-08-20 19:12:01', '2017-08-20 19:12:01'),
(29, 'Аягоз', 'Оспанова', 'Дуйсенбаевна', 'ospanova.ayagos@cse-astana.kz', '$2y$10$5FsI9CowKnhOJ0EZ4ANyTetHtFEb68ya0wD8p39Bp7t25LVBMzsma', 2, 5, 8, 0, NULL, '2017-08-20 19:12:35', '2017-08-20 19:12:35'),
(30, 'Жибек', 'Таскараева', 'Анашевна', 'taskarayeva.zhibek@cse-astana.kz', '$2y$10$crFbuddWDtmvkBNu8ZUGdOLCdiaxZRI189sWiwIxRytAzN0EPL9ka', 2, 5, 49, 0, NULL, '2017-08-20 19:13:38', '2017-08-20 19:13:38'),
(31, 'Айжан', 'Мухамеджанова', 'Оразхановна', 'mukhamedzhanova.aizhan@cse-astana.kz', '$2y$10$rpX3o17hqfpj3IcBSAHjJu6CRI/FTi63Ke5ceMPSCcrreIv1H9LJm', 2, 5, 8, 0, NULL, '2017-08-20 19:14:26', '2017-08-20 19:14:26'),
(32, 'Дина', 'Исмагулова', 'Маратовна', 'ismagulova.dina@cse-astana.kz', '$2y$10$hgs3TFjV3xtVu0n89pHczeuG9cor6KVC/dl3oITeYG42mF9dFE5Ai', 2, 5, 7, 0, NULL, '2017-08-20 19:15:01', '2017-08-20 19:15:01'),
(33, 'Динара', 'Ашкеева', 'Ешангелдиевна', 'ashkeeva.danara@cse-astana.kz', '$2y$10$cxZBNR/1WMjW1qC3m1ODvOASOmmWDe5en9xKbB3l7X6lYvV7j9rCq', 2, 5, 7, 0, NULL, '2017-08-20 19:15:44', '2017-08-20 19:15:44'),
(34, 'Салтанат', 'Мамытова (Барлыбаева)', 'Саятовна', 'mamytova.saltanat@cse-astana.kz', '$2y$10$MxBJ4MTZrcEiqTo0XIW0zell7hK6.sRuJj1cAe.y8MIf0aKLDD1F2', 2, 5, 7, 0, NULL, '2017-08-20 19:16:50', '2017-08-20 19:16:50'),
(35, 'Жания', 'Абаканова', 'Галимтаевна', 'abakanova.zhaniya@cse-astana.kz', '$2y$10$3sgyup1sBiGqLmOmpr4V6ux0ljlypd3SO0eEp.3/igLP/G.PTVEQC', 2, 5, 7, 0, NULL, '2017-08-20 19:17:21', '2017-08-20 19:17:21'),
(36, 'Торгын', 'Боркенова', 'Бейбитовна', 'borekenova.torgyn@cse-astana.kz', '$2y$10$v/wPxqD.PlElT4mdmd5PSeyE3zg7NTkQfhJhUjB0XfFT0hRJEs6XS', 2, 5, 5, 0, NULL, '2017-08-20 19:18:06', '2017-08-20 19:18:06'),
(37, 'Руслан', 'Какенов', 'Ранагатович', 'kakenov.ruslan@cse-astana.kz', '$2y$10$tW7N4bKWD8Ejxn6PCvltx.oYFKqy9EvzaONHkb0duTgqg6Aee3IOO', 2, 7, 19, 0, 'JbOXSebiYFSWDjy1MJl0cFuhg8w7MxHOdZJAUeHBd5rcfHtN1DTO9jBFDC7c', '2017-08-20 19:26:35', '2017-08-20 19:26:35'),
(38, 'Артур', 'Аскаров', 'Мухаметказинович', 'askarov.artur@cse-astana.kz', '$2y$10$sPK3cXy09epWPSDxyRh4vukWdOTZIyKcSWUHiuNsABQXQ5SycC51S', 2, 7, 6, 0, NULL, '2017-08-20 19:27:11', '2017-08-20 19:27:11'),
(39, 'Ерлик', 'Сауранбаев', 'Маликович', 'sauranbayev.erlik@cse-astana.kz', '$2y$10$iBm/90QwiP5r6jXEtZKV1OziRIUtqEbyPBqW8GfUWSiE0ipl6THIO', 2, 7, 6, 0, NULL, '2017-08-20 19:28:28', '2017-08-20 19:28:28'),
(40, 'Кылыш', 'Арыстанбеков', 'Балгабаевич', 'arystanbekov.kylysh@cse-astana.kz', '$2y$10$hONnmUvSAEqeNodqb0EQyu1QU1i.vuOWQKrmgWWqggVFsqtbITDcO', 2, 7, 6, 0, NULL, '2017-08-20 19:29:02', '2017-08-20 19:29:02'),
(41, 'Гульсум', 'Тлегенова', 'Серикбаевна', 'tlegenova.gulsum@cse-astana.kz', '$2y$10$iQPYVTd3pJNj8wradQViTOLqhzS11KvB8DgtNiWw661sCnwKAElMe', 2, 7, 6, 0, NULL, '2017-08-20 19:29:30', '2017-08-20 19:29:30'),
(42, 'Сауле', 'Карсыбаева', 'Сабыровна', 'karsybayeva.saule@cse-astana.kz', '$2y$10$2WGd5FEZI2hs8zvGa0JBF.ohE3Z0JO.Sjz0aSF1ty0wYQJkFLU5Cy', 2, 7, 6, 0, NULL, '2017-08-20 19:30:04', '2017-08-20 19:30:04'),
(43, 'Ержан', 'Ахметов', 'Берденович', 'akhmetov.erzhan@cse-astana.kz', '$2y$10$Vs4Ddgr9NNpUpRs5.VLlCejbJNxAzoc.gjFhhV2aNT5m1mkVPhV7G', 2, 7, 6, 0, NULL, '2017-08-20 19:30:32', '2017-08-20 19:30:32'),
(44, 'Тимур', 'Батыршин', 'Федорович', 'batyrshyn.timur@cse-astana.kz', '$2y$10$3f7nJ/UpreXZapAiCDMJsO5GQl609hBnYkND.uvuvOhbUWdkztmUu', 2, 7, 6, 0, NULL, '2017-08-20 19:30:59', '2017-08-20 19:30:59'),
(45, 'Галия', 'Джапарова', 'Сейдкеримовна', 'dzhaparova.galiya@cse-astana.kz', '$2y$10$QiuQyR0G2vNWM3r77AYL2OWQUnPWnxbsuG9MRcgq3yRlNxl99Ydkq', 2, 7, 6, 0, NULL, '2017-08-20 19:32:12', '2017-08-20 19:32:12'),
(46, 'Майдан', 'Жолдаспаева', 'Дакеновна', 'zholdaspayeva.maidan@cse-astana.kz', '$2y$10$9zfNjFsV6Tno2F8Hv6o7f.utW6c/Unkwl5SbkH35S18SjsujoYfK2', 2, 7, 6, 0, NULL, '2017-08-20 19:32:43', '2017-08-20 19:32:43'),
(47, 'Асем', 'Капалбекова', 'Есенгельдиевна', 'kapalbekova.asem@cse-astana.kz', '$2y$10$ybizNHCGPmXJcmAQWsdl3eCM9nw8Dia1bIbOnqOPShVJVQ1DAc.r2', 2, 7, 6, 0, NULL, '2017-08-20 19:33:12', '2017-08-20 19:33:12'),
(48, 'Жасулан', 'Жусупбеков', 'Дуйсенбекович', 'zhusupbekov.zhasulan@cse-astana.kz', '$2y$10$xzErNe4BHSLasUT3Ca1A6uEypSaFu.8Zala6WelINfV.p/RwjXyuK', 2, 7, 6, 0, NULL, '2017-08-20 19:33:46', '2017-08-20 19:33:46'),
(49, 'Шамил', 'Пахритдинов', 'Исхакович', 'pakhritdinov.shamil@cse-astana.kz', '$2y$10$g9GhTXKDM4ORbx01NH9NROVNwjsqMH84QA2U3fZYNoxHFhXAdnhFi', 2, 7, 6, 0, NULL, '2017-08-20 19:34:21', '2017-08-20 19:34:21'),
(50, 'Бауржан', 'Казеев', 'Жулдубаевич', 'kazeev.baurzhan@cse-astana.kz', '$2y$10$be70EbqkWNS.a01SS1YKuO6QIlgnsP0PLhyHjqq5ep9nMXeZPM9Ci', 2, 7, 6, 0, NULL, '2017-08-20 19:34:51', '2017-08-20 19:34:51'),
(51, 'Гульнара', 'Кабыльбекова', 'Казизовна', 'kabylbekova.gulnara@cse-astana.kz', '$2y$10$2gwuKa2.yGqdMr3DB5JtD.PsKM693j9qHxFHErjANKiYKqR4eXf9u', 2, 7, 8, 0, NULL, '2017-08-20 19:35:32', '2017-08-20 19:35:32'),
(52, 'Ербол', 'Жарланов', 'Рахметуллаевич', 'zharlanov.erbol@cse-astana.kz', '$2y$10$9qp5/N.CRW54YNl0r6NjnOa9kYavTEKlrziIXtjJnc8ONxJ3yMiCW', 2, 7, 8, 0, NULL, '2017-08-20 19:36:04', '2017-08-20 19:36:04'),
(53, 'Айдос', 'Тасеменов', 'Кайдарович', 'tasemenov.aidos@cse-astana.kz', '$2y$10$w9aRmVYHkeObaXP74FWjL.rbDIbVf8eI7YPjktgIXKVkSoc1zvBSq', 2, 7, 8, 0, NULL, '2017-08-20 19:36:38', '2017-08-20 19:36:38'),
(54, 'Айман', 'Раева', 'Толегеновна', 'rayeva.aiman@cse-astana.kz', '$2y$10$ENXNN2JhG789rTYt0Zz9eOSyIHDD9Nmwbu3oIL6aIlDBOD9FwAHce', 2, 7, 8, 0, NULL, '2017-08-20 19:37:30', '2017-08-20 19:37:30'),
(55, 'Максат', 'Балаби', 'Канатулы', 'balabi.maxat@cse-astana.kz', '$2y$10$pVgiPjw/1uo/JmMQxeLAfOEVs.dojwbP/PMoqNE39UDC91uwyLO6O', 2, 7, 8, 0, NULL, '2017-08-20 19:38:06', '2017-08-20 19:38:06'),
(56, 'Бакыт', 'Бурлибаев', 'Кайсарович', 'burllibayev.bakhyt@cse-astana.kz', '$2y$10$54RiFOQmcsIzpYkEyF8unuUTqQADeH16pbbO0ApIzicg67WQ8H7Uy', 2, 7, 8, 0, NULL, '2017-08-20 19:38:39', '2017-08-20 19:38:39'),
(57, 'Жамбул', 'Мамбетов', 'Джусупович', 'mambetov.zhambul@cse-astana.kz', '$2y$10$8oKSY9fj1XA/NQ4CFuJeSuSOdq4Bho7Z8gUR5.0v4b51uaj/LxD6O', 2, 7, 7, 0, NULL, '2017-08-20 19:39:09', '2017-08-20 19:39:09'),
(58, 'Айгерим', 'Идришева', 'Турсуновна', 'idrisheva.aigerym@cse-astana.kz', '$2y$10$X9hIh0x8I7sljWL.Wf55Feifne6Led./.mwjFHOoWsBJccyiCmTLi', 2, 7, 7, 0, NULL, '2017-08-20 19:39:46', '2017-08-20 19:39:46'),
(59, 'Камиля', 'Баетова', 'Канатовна', 'bayetova.kamilya@cse-astana.kz', '$2y$10$vADzc/VW6DX3l8pOZB3cbuAZx3njcSTPaPYNyMsTkNo5G5AoRMZ/2', 2, 7, 7, 0, NULL, '2017-08-20 19:41:48', '2017-08-20 19:41:48'),
(60, 'Зарина', 'Маткурбанова', 'Махсутбаевна', 'matkurbanova.zarina@cse-astana.kz', '$2y$10$Ode839FIpDVUZHWnxd3ScuruBr.A2Q6FHFjuDD8sIUwmU.aregRji', 2, 7, 49, 0, NULL, '2017-08-20 19:43:01', '2017-08-20 19:43:01'),
(63, 'Ерик', 'Баймолдинов', 'Сейтханович', 'baimoldinov.erik@cse-astana.kz', '$2y$10$pXsmbAW1490X/XApWMgVsOU8F04SCdLyxazUouo6sOhOUf7pibk2.', 3, 0, 3, 0, NULL, '2017-08-20 19:47:51', '2017-08-20 19:47:51'),
(65, 'Лаура', 'Умарова', 'Амангельдиевна', 'umarova.laura@cse-astana.kz', '$2y$10$ZsuxFSbKC9QcS6uvOnmcq.jEimsiUgBmQ/XWhS18ivlMtkJQA8AJ6', 2, 6, 6, 0, NULL, '2017-08-20 19:57:33', '2017-08-20 19:57:33'),
(66, 'Айнагул', 'Бекмагамбетова', 'Тукеновна', 'bekmagambetova.ainagul@cse-astana.kz', '$2y$10$WoDqFf0sxD6TWfT/rQHXEeyIDChXHA8CI.GL.8W3J4wrioAXtGppK', 2, 6, 6, 0, NULL, '2017-08-20 19:58:16', '2017-08-20 19:58:16'),
(67, 'Айжан', 'Бекбосынова', 'Бекжановна', 'bekbosynova.aizhan@cse-astana.kz', '$2y$10$Vy.Mfe.9DIHkEya8Pv2EqO84QwYuIGI/iLU2sEULiY4xjm6HdfdDu', 2, 6, 6, 0, NULL, '2017-08-20 19:58:47', '2017-08-20 19:58:47'),
(68, 'Карлыгаш', 'Абдумоминова', 'Усербаевна', 'abdumominova.karlygash@cse-astana.kz', '$2y$10$0AafjdZZGpX1y0kpgTAfa.XQ1FVqyaY9vDg0MaEtieL/FuJkdZXre', 2, 6, 6, 0, NULL, '2017-08-20 19:59:50', '2017-08-20 19:59:50'),
(69, 'Лаззат', 'Алимбекова', 'Кауазовна', 'alimbekova.lyazzat@cse-astana.kz', '$2y$10$.weuuC58c1Y/Ba68l5A8AO9tBImm6fb4BFabxjeOPRSJQCTBj3iNC', 2, 6, 6, 0, NULL, '2017-08-20 20:00:29', '2017-08-20 20:00:29'),
(70, 'Мергалым', 'Дегембаев', 'Борамбекович', 'degembayev.mirgalym@cse-astana.kz', '$2y$10$6PTtzWEPdXtlvgSjwzbhEucG6TPH//1H74Zj9/aim96Vg9pUux40i', 2, 6, 6, 0, NULL, '2017-08-20 20:01:12', '2017-08-20 20:01:12'),
(71, 'Анара', 'Жалгабекова', 'Габдуллаевна', 'zhalgabekova.anara@cse-astana.kz', '$2y$10$8jpGi.679iInIn4XzoOCledCTPXQ/xxpnPQcZeqjexKdViIODNLta', 2, 6, 6, 0, NULL, '2017-08-20 20:04:43', '2017-08-20 20:04:43'),
(72, 'Оралжан', 'Калиев', 'Кайржанович', 'kaliyev.oralzhan@cse-astana.kz', '$2y$10$aA4ObZNJN2hCIowSZ99CvOBcJWpYUd8J11SM797FI2OguOh8jsVpi', 2, 6, 6, 0, NULL, '2017-08-20 20:06:29', '2017-08-20 20:06:29'),
(73, 'Мира', 'Кенжигалиева', 'Кабданнасовна', 'kenzhegaliyeva.mira@cse-astana.kz', '$2y$10$n21CmHR0G5TQrFy3BlI7lev4RWUgeVnayNhrmQE5IPuC8U88MYjyK', 2, 6, 6, 0, NULL, '2017-08-20 20:07:21', '2017-08-20 20:07:21'),
(74, 'Светлана', 'Крамарь', 'Анатольевна', 'kramar.svetlana@cse-astana.kz', '$2y$10$SB4nCTuSZ4t/GnGxU3D8FeHI7ym4JBRah8fSUJUvb8fu11x5fIifm', 2, 6, 6, 0, NULL, '2017-08-20 20:08:44', '2017-08-20 20:08:44'),
(75, 'Гайни', 'Мекебаева', 'Сакеновна', 'mekebayeva.gaini@cse-astana.kz', '$2y$10$UbhO5CDGTaGyInhxyZAzx.e5WyASPUu99y98fHwCpRV2Ni43f3COW', 2, 6, 6, 0, NULL, '2017-08-20 20:09:22', '2017-08-20 20:09:22'),
(76, 'Кайрат', 'Тлегенов', 'Серикович', 'tlegenov.kairat@cse-astana.kz', '$2y$10$lxGQg4jcrQaH6fXgpSJdPeqiTLAgvYPlqr6xoT.QEzLLWU4TMcPFa', 2, 6, 6, 0, NULL, '2017-08-20 20:10:13', '2017-08-20 20:10:13'),
(77, 'Куанышбек', 'Мирамбекулы', NULL, 'mirambekuly.kuanyshbek@cse-astana.kz', '$2y$10$4uTlPtzWIVS/Rlo3kW4KeuA.NxAhgNc9VwmVWW5VGHLCdqVxYc8da', 2, 6, 6, 0, NULL, '2017-08-20 20:12:01', '2017-08-20 20:12:01'),
(78, 'Нурлан', 'Шахманов', 'Сарсембаевич', 'zhakhmanov.nurlan@cse-astana.kz', '$2y$10$C8Z6NluvYnFIfq07YAAa0uOPaaf7v0tN4z9C5F1o.sI5BOEChs09K', 2, 6, 6, 0, NULL, '2017-08-20 20:12:51', '2017-08-20 20:12:51'),
(79, 'Ардак', 'Байносерова', 'Габдулловна', 'bainoserova.ardak@cse-astana.kz', '$2y$10$CoGIafUjCU6mZ82xzBv/qOpEC/wBG/Bq6ZRitrBj1I8hfi3/OX6pq', 2, 6, 7, 0, NULL, '2017-08-20 20:14:35', '2017-08-20 20:14:35'),
(80, 'Бакытхан', 'Нурманов', 'Кенесович', 'nurmanov.bakytkhan@cse-astana.kz', '$2y$10$UDRhRbkM9IeRcWMi7UltwuUjtOOECd/4Ro/nXXQxt63SXxgwURb1O', 2, 6, 6, 0, NULL, '2017-08-20 20:15:10', '2017-08-20 20:15:10'),
(81, 'Тайгушанов', 'Тайгушанов', 'Тайгушанов', 'taugishanov.baurzhan@cse-astana.kz', '$2y$10$YqnCo72w.NMXKiIXatqIXeJ7CC4aHQVt7HCSZejVOMRfgKprYB8Xm', 2, 6, 49, 0, NULL, '2017-08-20 20:15:46', '2017-08-20 20:15:46'),
(82, 'Жанар', 'Лесбекова', 'Кунанбаевна', 'lesbekova.zhanar@cse-astana.kz', '$2y$10$V5h5P.lUOUrmT1mP1HKF9OpuIe95P4BsFqvu8qsKURRF4VtXMi7ve', 2, 6, 49, 0, NULL, '2017-08-20 20:16:19', '2017-08-20 20:16:19'),
(83, 'Айгуль', 'Мусаева', 'Жаксыбаевна', 'musayeva.aigul@cse-astana.kz', '$2y$10$N9RTRsvNOoKDVg9OPNi15uSk931z2eJaZIFc1bHlnFV9wGn2K9LJO', 2, 6, 49, 0, NULL, '2017-08-20 20:17:23', '2017-08-20 20:17:23'),
(84, 'Асем', 'Сакупова', 'Тасболатовна', 'sakupova.asem@cse-astana.kz', '$2y$10$MWVHU5l9YI1n.obD/thuWursFDPT.tY9UrwPYfz4p95t3E4v/cZgq', 2, 6, 7, 0, NULL, '2017-08-20 20:18:01', '2017-08-20 20:18:01'),
(85, 'Сәуірбек', 'Таласбаев', 'Нағашыбайұлы', 'talasbayev.sauirbek@cse-astana.kz', '$2y$10$Kl5zFqbB1K017bQFNOOPD.gKAwierGSIh8TORDBVOVCALnoPjtUCS', 2, 6, 7, 0, NULL, '2017-08-20 20:18:36', '2017-08-20 20:18:36'),
(86, 'Анар', 'Габдуллина', 'Кабдрахмановна', 'gabdullina.anar@cse-astana.kz', '$2y$10$ZkTzObZeI4D7PT3xsmLRZ.09.ISOQijyV8s7Zh8hAw9NsWGr5/2bq', 2, 6, 7, 0, NULL, '2017-08-20 20:19:09', '2017-08-20 20:19:09'),
(87, 'Аяулы', 'Кабланбекова', 'Мукаметкалиевна', 'kablanbekova.ayauly@cse-astana.kz', '$2y$10$CQGRLcupW2O2E.laHk.Hp.WePxEw9VrqVqDqelHp2XUNrUH71dyqy', 2, 6, 7, 0, NULL, '2017-08-20 20:19:44', '2017-08-20 20:19:44'),
(88, 'Бахтияр', 'Зулпанов', 'Кабулович', 'zulpanov.bakhtiyar@cse-astana.kz', '$2y$10$PWUZs9665kiif26H7RbBYOmChbs2VXDTnatn06sMYAF/Gvm5uNi.S', 3, 8, 24, 0, NULL, '2017-08-20 20:21:30', '2017-08-20 20:21:30'),
(89, 'Инна', 'Фиронова', 'Ивановна', 'fironova.inna@cse-astana.kz', '$2y$10$DiaWcTRYndGuLjr2RqAule6/jrVBQQddy6GyKyeurv5//sIyqloEC', 3, 8, 31, 0, NULL, '2017-08-20 20:22:20', '2017-08-20 20:22:20'),
(90, 'Келден', 'Макашев', 'Каримович', 'makashev.kelden@cse-astana.kz', '$2y$10$sLxNaxwkij9dunrT/0xsZ.RJzdStZoaVKWDMN5pXmv6vqNjdeS.Y2', 3, 8, 31, 0, NULL, '2017-08-20 20:24:38', '2017-08-20 20:24:38'),
(91, 'Шолапн', 'Садвокасова', 'Есимкановна', 'sadvokasova.sholpan@cse-astana.kz', '$2y$10$qp0MBbdCPAkIbTztMZ2wPOSb56HJBwxBEchyHtL9G9PWL0eevWWAa', 3, 8, 31, 0, NULL, '2017-08-20 20:26:37', '2017-08-20 20:26:37'),
(92, 'Татьяна', 'Полякова', 'Игоревна', 'polyakova.tatyana@cse-astana.kz', '$2y$10$m3xCuVAnUlfK8/FWXXFvDu8x0zeYAbqKBoVG4FtCNTRMT/QApJLI2', 3, 8, 31, 0, NULL, '2017-08-20 20:27:18', '2017-08-20 20:27:18'),
(93, 'Канат', 'Иманалиев', 'Бейсеханович', 'imanaliyev.kanat@cse-astana.kz', '$2y$10$u5JVVZNcAWx4Kv.dDaRs/.COEzmeJhB0JnjMc4vBamaDoMfR7uFoe', 3, 8, 31, 0, NULL, '2017-08-20 20:27:53', '2017-08-20 20:27:53'),
(94, 'Ермек', 'Жармакин', 'Мухтарович', 'zharmakin.ermek@cse-astana.kz', '$2y$10$Ma4cdSZRzrIvqlRe9hud7.KvNsRJoMHVE/unHFWrlWl6mplM6ocm6', 3, 8, 31, 0, NULL, '2017-08-20 20:28:25', '2017-08-20 20:28:25'),
(95, 'Наталия', 'Ломака', 'Сергеевна', 'lomaka.nataliya@cse-astana.kz', '$2y$10$otKWSO/NtpvKqHhrOGKdVeGAIXhl4ukipF/n5LSIt2Rlot2GoxLw6', 3, 8, 31, 0, NULL, '2017-08-20 20:28:57', '2017-08-20 20:28:57'),
(96, 'Жанаргуль', 'Малгаждарова', 'Жанузаковна', 'malgazhdarova.zhanargul@cse-astana.kz', '$2y$10$k5ic2Dwz2FbKFmVV.HLXFunhMtg.npjRZFjkUQcGFHjeN6t1SSJeK', 3, 8, 27, 0, NULL, '2017-08-20 20:29:33', '2017-08-20 20:29:33'),
(97, 'Елена', 'Краус', 'Фридриховна', 'kraus.elena@cse-astana.kz', '$2y$10$vfFt/kauV/ONdYnLNBjELuOjdjflTxJ4UrqXvXOP0yIklI/kTc6Hu', 3, 8, 27, 0, NULL, '2017-08-20 20:30:07', '2017-08-20 20:30:07'),
(98, 'Татьяна', 'Родионова', 'Федоровна', 'rodionova.tatyana@cse-astana.kz', '$2y$10$5Hw9q7IpS8HK0Qwf6yth/ur5RGF9cTzIkFQ4BRX0b1EVTWwvDz5Te', 3, 8, 5, 0, NULL, '2017-08-20 20:31:06', '2017-08-20 20:31:06'),
(99, 'Нургуль', 'Оспанова', 'Муратбаевна', 'ospanova.nurgul@cse-astana.kz', '$2y$10$c0PUqitUpWKpGCSp8Tl3DecuiGUBxS1VK858JmG611pfRHqP.j8la', 3, 8, 28, 0, NULL, '2017-08-20 20:31:39', '2017-08-20 20:31:39'),
(100, 'Раушан', 'Киргабакова', 'Серикхановна', 'kirgabakova.raushan@cse-astana.kz', '$2y$10$Jg58nVyCdEH6DckXvt3ty.unMRJLfgbXm8Oalwp/4gU9lCZAqjwV2', 3, 8, 28, 0, NULL, '2017-08-20 20:32:30', '2017-08-20 20:32:30'),
(101, 'Гульнар', 'Калдыбаева', 'Такиевна', 'kaldybayeva.gulnar@cse-astana.kz', '$2y$10$lISv78g0t6o/piZMOMndH.fCwekxszJSeuuHNrSNLL7mDv9.Wl8VO', 3, 9, 24, 0, NULL, '2017-08-20 20:43:23', '2017-08-20 20:43:23'),
(102, 'Даурен', 'Рабилов', 'Толембекович', 'rabilov.dauren@cse-astana.kz', '$2y$10$VIKa2eil0tYzQYSCNhLdhOiavJTAtEs41NnFjWzM3WqGu6N/CcIma', 4, 0, 3, 0, NULL, '2017-08-20 20:44:18', '2017-08-20 20:44:18'),
(103, 'Александр', 'Щербинин', 'Александрович', 'scherbinin.alexandr@cse-astana.kz', '$2y$10$KinCYMErOTdgqSb1SbTu1eqqnRAZZmzn.aJ1pP.eO5E1hS6dBRLcm', 3, 17, 24, 0, NULL, '2017-08-20 20:48:53', '2017-08-20 20:48:53'),
(104, 'Ольга', 'Миренкова', 'Сергеевна', 'mirenkova.olga@cse-astana.kz', '$2y$10$/vUzWCq9E7uwjp9N4Trn1OsoBMC5yxIZJev1u8fWjt6FqAPc6.GG.', 3, 17, 28, 0, NULL, '2017-08-20 20:49:37', '2017-08-20 20:49:37'),
(105, 'Виктория', 'Баева', 'Камилжановна', 'bayeva.viktoriya@cse-astana.kz', '$2y$10$qPc3jmW5EVh2QX2OTV8kt.AnYbrlD4Jb..dueWuwivzD4mHOVX6ri', 3, 17, 29, 0, NULL, '2017-08-20 20:50:12', '2017-08-20 20:50:12'),
(106, 'Газиза', 'Мукатова', 'Тайшибаевна', 'mukatova.gaziza@cse-astana.kz', '$2y$10$185lEi2zUf2p02IRHpJfbun9cWLqzZf3g2YTSsbaFqwEzWw0mklmu', 3, 9, 31, 0, NULL, '2017-08-20 20:51:27', '2017-08-20 20:51:27'),
(107, 'Гульжан', 'Жакенова', 'Айдархановна', 'zhakenova.gulzhan@cse-astana.kz', '$2y$10$Mfp/ua58HHTqYSEMst9IYe8WBDlNdoVrR0oPW4n.ho3DIfo5i.ooa', 3, 9, 31, 0, NULL, '2017-08-20 20:52:10', '2017-08-20 20:52:10'),
(108, 'Айгуль', 'Каракулова', 'Шайдуллаевна', 'karakulova.aigul@cse-astana.kz', '$2y$10$co2SyYfwKsA4WFEPGVmM.exgitj1c6LwVRWgcM6ptHItxQQ7YjuXa', 3, 9, 31, 0, NULL, '2017-08-20 20:52:52', '2017-08-20 20:52:52'),
(109, 'Анар', 'Балтабекова', 'Балгабаевна', 'baltabekova.anar@cse-astana.kz', '$2y$10$BIZr8nJP6qqUrC8Ha4eZfuk/wO2adY8ZzqkKora.zZUUtdNh18AVu', 3, 9, 5, 0, NULL, '2017-08-20 20:53:27', '2017-08-20 20:53:27'),
(110, 'Динара', 'Далиева', 'Сериковна', 'daliyeva.dinara@cse-astana.kz', '$2y$10$hxB0PsmzWcPbFAAJ2oxeheVu7C.rbh/3bTItcREKA/giU9qOngkf6', 3, 9, 5, 0, NULL, '2017-08-20 20:54:06', '2017-08-20 20:54:06'),
(111, 'Инкар', 'Зайноллина', 'Джантемировна', 'zainollina.inkar@cse-astana.kz', '$2y$10$9pFqHlzce6oaDJtyn4GKc.NYTkfgS5S5RIsukWoKIf7o3Yty3ch1q', 3, 9, 5, 0, NULL, '2017-08-20 20:54:46', '2017-08-20 20:54:46'),
(112, 'Рабига', 'Зайноллина', 'Джантемировна', 'zainollina.rabiga@cse-astana.kz', '$2y$10$5X4yu1ibJnVlNCOT2vBpluBZzu1AgOp/ftyvudht27GKNfAkGhwN2', 3, 9, 5, 0, NULL, '2017-08-20 20:55:27', '2017-08-20 20:55:27'),
(113, 'Людмила', 'Кириллова', 'Ивановна', 'kirillova.ludmila@cse-astana.kz', '$2y$10$lWbUpC16qzB0Rx1Ta1UQkOJjDj1dAcCsOITBEet6MdHlAqd32kAjS', 3, 9, 29, 0, NULL, '2017-08-20 20:56:09', '2017-08-20 20:56:09'),
(114, 'Айсулу', 'Рыспаева', 'Батырбековна', 'ryspayeva.aisulu@cse-astana.kz', '$2y$10$g6eBz/.nNDZVru6urFR1IOMEeHC5p0UmRPPMVJVtl8zcDPIm8Yyhi', 3, 9, 29, 0, NULL, '2017-08-20 20:56:40', '2017-08-20 20:56:40'),
(115, 'Оралкуль', 'Хазиахметова', 'Бакытовна', 'khaziahmetova.oralkul@cse-astana.kz', '$2y$10$5H8ayzd9aT4GRF2/LuVarOI/2b6V2zHR.0lP09UNFgICGglzmYMCm', 3, 10, 24, 0, NULL, '2017-08-21 15:20:52', '2017-08-21 15:20:52'),
(116, 'Елена', 'Горшкова', 'Сергеевна', 'gorschkova.elena@cse-astana.kz', '$2y$10$V6lUtzDVrN3doKJM4XLBz.6zDILSE1yXC7OZjUw..tdmhZRZ1M1o2', 3, 10, 31, 0, NULL, '2017-08-21 15:21:36', '2017-08-21 15:21:36'),
(117, 'Ольга', 'Шерстнева', 'Юрьевна', 'scherstneva.olga@cse-astana.kz', '$2y$10$9q4OTT/9NmSbN6whWPbe2.1H47IJha5zeswCea3qPsjDOupXj4XNC', 3, 10, 31, 0, NULL, '2017-08-21 15:22:10', '2017-08-21 15:22:10'),
(118, 'Манана', 'Перадзе', 'Николозовна', 'peradze.manana@cse-astana.kz', '$2y$10$lj8qn/.NCIzf/bHoZQjAfO9TX4Ar.WANf0lLW6gMjhhuf/EA/I/Ou', 3, 10, 31, 0, NULL, '2017-08-21 15:22:45', '2017-08-21 15:22:45'),
(119, 'Кульжами', 'Оспанова', 'Есимхановна', 'ospanova.kulzhami@cse-astana.kz', '$2y$10$2K.MsEYM/sepn6FrUNNmyeIiBrLm//ngvWSWvfCe0eg3CyxsX1TjS', 3, 10, 31, 0, NULL, '2017-08-21 15:23:22', '2017-08-21 15:23:22'),
(120, 'Кенжекыз', 'Манекенова', 'Барамбаевна', 'manekenova.kenzhekyz@cse-astana.kz', '$2y$10$GXIV.tb/sgL2vKtDsVz76eTh2ysbk7YfsDTAUEPswok6/jpH3Dod2', 3, 10, 31, 0, NULL, '2017-08-21 15:24:25', '2017-08-21 15:24:25'),
(121, 'Талгат', 'Омаров', 'Маратович', 'omarov.talgat@cse-astana.kz', '$2y$10$rSC7FKiiQwrEXdHiXB4mbuwJBNPAyIoiFZBGP5CS6PCEVcBlW3M1m', 3, 10, 31, 0, NULL, '2017-08-21 15:25:02', '2017-08-21 15:25:02'),
(122, 'Айнагуль', 'Жакипова', 'Аржил-Гайыповна', 'zhakipova.ainagul@cse-astana.kz', '$2y$10$Qv96FzSzLenjznOBIZP0Te/85/4.YMHB7yBNp684edAWB8EJ9Q6ie', 3, 10, 31, 0, NULL, '2017-08-21 15:25:37', '2017-08-21 15:25:37'),
(123, 'Гулнар', 'Кумекова', 'Маратовна', 'kumekova.gulnar@cse-astana.kz', '$2y$10$8xlxp3GJPXxsDn6Z9avXXOOb1fzNnp/id8qxq0qTnSo.fQ5sJTCZK', 3, 9, 5, 0, NULL, '2017-08-21 15:26:25', '2017-08-21 15:26:25'),
(124, 'Корлыгаин', 'Манабаева', 'Турлыбековна', 'manabayeva.korlygain@cse-astana.kz', '$2y$10$Fsj8gI5PvReS3W.ckBwZDeSxSX5Pid5zS.XQsPTBHYUI0EK7ZZ0Kq', 3, 10, 31, 0, NULL, '2017-08-21 15:27:10', '2017-08-21 15:27:10'),
(125, 'Жупар', 'Калымова', 'Аймагамбетовна', 'kalymova.zhupar@cse-astana.kz', '$2y$10$txTe0hSC1Jqs1RpNTupWNOc9OqwpM3EUc/h5tJFfBUZZ7qLzpdP6S', 3, 10, 31, 0, NULL, '2017-08-21 15:27:49', '2017-08-21 15:27:49'),
(126, 'Назыгул', 'Рысжанова', 'Сейітқұлқызы', 'ryszhanova.nazygul@cse-astana.kz', '$2y$10$4Z3qiq3QIHANuYnHakpIqO/ACne.A5SdKnQSq9uo5TKOmRTXEklCa', 3, 10, 5, 0, NULL, '2017-08-21 15:28:45', '2017-08-21 15:28:45'),
(127, 'Ирина', 'Кребс', 'Романовна', 'kreps.irina@cse-astana.kz', '$2y$10$7.YXQjEhxB3mlF.pqyLyO.28kHgW5672nYGSl658kKkSuKBrcqqnS', 3, 10, 5, 0, NULL, '2017-08-21 15:55:54', '2017-08-21 15:55:54'),
(128, 'Торғын', 'Асанова', 'Аблаевна', 'asanova.torgyn@cse-astana.kz', '$2y$10$5D0VHKqxkeWUhvo6l6igDO/U6UhjgnbGuuomnwO.pcZQsPUY7gu.W', 3, 10, 5, 0, NULL, '2017-08-21 15:56:35', '2017-08-21 15:56:35'),
(129, 'Арайлым', 'Дуйсенова', 'Жетписовна', 'duisenova.arailym@cse-astana.kz', '$2y$10$F3MAjwozRUj5TTQmDERL7unI6xQyxlS34d8vqwZu8vCc2B4822VZO', 3, 10, 5, 0, NULL, '2017-08-21 15:57:27', '2017-08-21 15:57:27'),
(130, 'Ляззат', 'Мукалыкова', 'Елюбаевна', 'mukalykova.lyazzat@cse-astana.kz', '$2y$10$biZew5M8sRJMtTmWJG9pB.ohSG7.w/hQZ9wqjz2U0YWI56zaJiSIi', 3, 10, 5, 0, NULL, '2017-08-21 15:58:47', '2017-08-21 15:58:47'),
(131, 'Лазат', 'Калиева', 'Жолдыбаевна', 'kaliyeva.lazat@cse-astana.kz', '$2y$10$foc2DoAsQf6cza6bhcsC3OmxJBii3.kdyE0XizdDkibMoFYNEhWmu', 3, 10, 5, 0, NULL, '2017-08-21 16:00:07', '2017-08-21 16:00:07'),
(132, 'Зоя', 'Дорогокупля', 'Евгеньевна', 'dorogokuplya.zoya@cse-astana.kz', '$2y$10$S7CI6eN1d.NS9PG0hwtgk.HJP822CPBEUF7j9TRVcPqLk86Ugs6EK', 3, 10, 29, 0, NULL, '2017-08-21 16:01:06', '2017-08-21 16:01:06'),
(133, 'Рабига', 'Жазит', 'Муратовна', 'zhazyt.rabiga@cse-astana.kz', '$2y$10$D08fVlTgP3nvrBgJC52ur.SfvnU5omfEnU7RQrOd2AoVZtwNMCEs6', 3, 10, 29, 0, NULL, '2017-08-21 16:01:41', '2017-08-21 16:01:41'),
(134, 'Светлана', 'Ли', 'Анатольевна', 'li.svetlana@cse-astana.kz', '$2y$10$/0zXCOTCKiJV45A4kGsVNOiIycly8aSzG0dUwL1JUFELn9eOJ.lbO', 3, 11, 31, 0, NULL, '2017-08-21 16:03:07', '2017-08-21 16:03:07'),
(135, 'Ажар', 'Жарова', 'Есильбаевна', 'zharova.anar@cse-astana.kz', '$2y$10$nNAGVz8nINekQFnw7IVHZe6GG5RPm9efULFekh4KB2usZylTZCvU2', 3, 11, 5, 0, NULL, '2017-08-21 16:03:47', '2017-08-21 16:03:47'),
(136, 'Айгуль', 'Сматова', 'Кабыкеновна', 'smatova.aigul@cse-astana.kz', '$2y$10$CRsOmRwQigJTa9LtovREg.ytDv/IHL59F0oqP1OWDdLn0NSCp5Jvq', 3, 11, 5, 0, NULL, '2017-08-21 16:04:24', '2017-08-21 16:04:24'),
(137, 'Алия', 'Жагупарова', 'Жумабаевна', 'zhaguparova.aliya@cse-astana.kz', '$2y$10$QAiJNUzUwheJI4/B.Jxw.uCT3WvsaKCURUfABCfK7ZmHoNAFDv2Yu', 3, 11, 5, 0, NULL, '2017-08-21 16:05:27', '2017-08-21 16:05:27'),
(138, 'Айдана', 'Кажиева', 'Насипкалиевна', 'kazhiyeva.aidana@cse-astana.kz', '$2y$10$EDDU/Xadfoq/.xpaOeChYOLvfMQVVBzmyUD1I2Ilk5D2TvoYPyh2W', 3, 11, 5, 0, NULL, '2017-08-21 16:06:02', '2017-08-21 16:06:02'),
(139, 'Аннар', 'Жунусова', 'Кенжегалиевна', 'zhusupova.annar@cse-astana.kz', '$2y$10$Ke.0ccHrQnOLbBFm/Pn45O8X69ELLkW07md/9StSjk8G7tAGEyOUi', 3, 11, 5, 0, NULL, '2017-08-21 16:06:36', '2017-08-21 16:06:36'),
(140, 'Гулден', 'Шагатаева', 'Аятнибековна', 'schagatayeva.gulden@cse-astana.kz', '$2y$10$jpPxEPdiLgmttrQ8Hd5iy.lircbcpMJHPcu8TzpM9Aszqy9f2.uca', 3, 11, 29, 0, NULL, '2017-08-21 16:07:19', '2017-08-21 16:07:19'),
(141, 'Тазагуль', 'Мусина', 'Сапаровна', 'musina.tazagul@cse-astana.kz', '$2y$10$BviCFP4MdpAEaQ/AHz4PO./xnZKjH0JVDU.QLKcREqmL1gLlegNE.', 3, 11, 29, 0, NULL, '2017-08-21 16:07:58', '2017-08-21 16:07:58'),
(142, 'Ержан', 'Абдыкаримов', 'Оразбекович', 'abdykarimov.erzhan@cse-astana.kz', '$2y$10$NCoYPrcW.huY3vZTGl2eQuzjRqhd1sowPAph7jK0V43Cqz5pZyhCS', 3, 12, 24, 0, NULL, '2017-08-21 16:09:12', '2017-08-21 16:09:12'),
(143, 'Наталья', 'Терещенко', 'Владимировна', 'tereschenko.nataliya@cse-astana.kz', '$2y$10$frU6MJ/IgidgrPR2mEJdK.1IOnEtzMfXah3oVDffwBGWuNKmSAMx6', 3, 12, 31, 0, NULL, '2017-08-21 16:09:58', '2017-08-21 16:09:58'),
(144, 'Зейнеш', 'Крыкбаева', 'Арыновна', 'krykbayeva.zeinesh@cse-astana.kz', '$2y$10$L7m.9JSZyx2e0ZeQwibn5OtsIgV24zMk47sG5LqQOqIdsS1JbAhDq', 3, 12, 31, 0, NULL, '2017-08-21 16:11:22', '2017-08-21 16:11:22'),
(145, 'Жанибек', 'Крыкбаев', 'Серикбекович', 'krykbayev.zhanibek@cse-astana.kz', '$2y$10$Hh7yekCUogyTmBUICJmyouezzKmJf./NCfTKpG2P/IIquMKiozEa2', 3, 12, 31, 0, NULL, '2017-08-21 16:11:54', '2017-08-21 16:11:54'),
(146, 'Гульмира', 'Оразалина', 'Сериковна', 'orazalina.gulmira@cse-astana.kz', '$2y$10$SXi4vAp6AYBJuACt3a0Iz.ny2Lc2DoqU696EEx5Vd7cIPl9eK4xdS', 3, 12, 31, 0, NULL, '2017-08-21 16:12:46', '2017-08-21 16:12:46'),
(147, 'Акмарал', 'Шинтина', 'Кайргельдиевна', 'schintina.akmaral@cse-astana.kz', '$2y$10$T4Hj/jOHUmD8PxfVKNmtNexIsIm.ANBQvOD3m7jxeMdHZGimxrkqS', 3, 12, 31, 0, NULL, '2017-08-21 16:13:19', '2017-08-21 16:13:19'),
(148, 'Наталья', 'Терехина', 'Борисовна', 'terekhina.natalya@cse-astana.kz', '$2y$10$RksgrWF09FDtyd.csstx5OuvWBkW0LSGDVO4XlOyKhVNSCZD8HeVm', 3, 12, 31, 0, NULL, '2017-08-21 16:13:53', '2017-08-21 16:13:53'),
(149, 'Роза', 'Тлеугазина', 'Акашевна', 'tleugazina.roza@cse-astana.kz', '$2y$10$A0IB/2uRSpl0G298XEmFE.DSUDbnSdNAOmE04hXpwlI651M1pe.jm', 3, 12, 5, 0, NULL, '2017-08-21 16:15:08', '2017-08-21 16:15:08'),
(150, 'Толеген', 'Ибрагимов', 'Жубандикович', 'ibragimov.tolegen@cse-astana.kz', '$2y$10$PcfxES/p2UK6Ib6zY9IsOOhrUMBIXgRR82KqEehMJ4g33YmVkvqjO', 3, 12, 5, 0, NULL, '2017-08-21 16:15:50', '2017-08-21 16:15:50'),
(151, 'Диляра', 'Абдрашитова', 'Хамитовна', 'abdrashitova.dilyara@cse-astana.kz', '$2y$10$PmITK4KQ8BXy4kzOxWkEp.SogAe7MZYUvOBWIJbCPSYXkIRZEdjei', 3, 12, 5, 0, NULL, '2017-08-21 16:16:30', '2017-08-21 16:16:30'),
(152, 'Екатерина', 'Зарсаева', 'Михайловна', 'zarsayeva.ekaterina@cse-astana.kz', '$2y$10$IjRyGOkf6IOvdxYcMnYMXegNGnfSx.jGyf/oAzuRdDUD6rrK3C2LW', 3, 12, 5, 0, NULL, '2017-08-21 16:17:07', '2017-08-21 16:17:07'),
(153, 'Гульнара', 'Сколярина', 'Давлетьяровна', 'skolyarina.gulnara@cse-astana.kz', '$2y$10$UU.N1S0AMITe6d8aL39d7OKwVHDUoiRtju85eP0/QKHtbn2t37K3G', 3, 12, 29, 0, NULL, '2017-08-21 16:18:15', '2017-08-21 16:18:15'),
(154, 'Валентина', 'Зинатуллина', 'Николаевна', 'zinatullina.valentina@cse-astana.kz', '$2y$10$bYmDD/x9K8K.AViwCHK4OuRG1E08zevSmxQsVBgOBajMQDjswvlQO', 3, 12, 29, 0, NULL, '2017-08-21 16:19:00', '2017-08-21 16:19:00'),
(155, 'Айсауле', 'Еспергенова', NULL, 'espergenova.aisaule@cse-astana.kz', '$2y$10$..GtulbbEmM4/mT/GnHVKe4lIbH91QnAG.q8o0NOXbMgnjiboZrui', 3, 12, 29, 0, NULL, '2017-08-21 16:19:29', '2017-08-21 16:19:29'),
(156, 'Ботагоз', 'Нурумова', 'Ислямовна', 'nurumova.botagoz@cse-astana.kz', '$2y$10$nu8E93JXkkZ7ySdy02X.ouwoVUZnfcx/LlfPVls3rSfONocnO2PkK', 3, 13, 24, 0, NULL, '2017-08-21 16:21:11', '2017-08-21 16:21:11'),
(157, 'Дария', 'Токшылыкова', 'Сержановна', 'toschylykova.dariya@cse-astana.kz', '$2y$10$nGHtFG7XnvBVLgqvYGAazeGy./Vvhbv6oi1NifoVuBBOzc3GqCDIK', 3, 13, 31, 0, NULL, '2017-08-21 16:22:01', '2017-08-21 16:22:01'),
(158, 'Юрий', 'Колосов', 'Васильевич', 'kolosov.uryi@cse-astana.kz', '$2y$10$4nmCPSCKHoQ.c.S/F2maKeanYhlSt1iI4lFJqRvaDiIYx.Bz9OCGK', 3, 13, 31, 0, NULL, '2017-08-21 16:22:38', '2017-08-21 16:22:38'),
(159, 'Гульшат', 'Балтабаева', 'Баянбаевна', 'baltabayeva.gulschat@cse-astana.kz', '$2y$10$oc1jJNuk6Q9WKzTqhyHMFehQcZ3m6fuzisY6aAZAvchkrz2vAU5HK', 3, 13, 5, 0, NULL, '2017-08-21 16:23:21', '2017-08-21 16:23:21'),
(160, 'Татьяна', 'Максименко', 'Сергеевна', 'maximenko.tatyana@cse-astana.kz', '$2y$10$gEaZ/cotr7Z4JY1oal77GuGI9M5nra3hTLVFYhX6/5zkZmT2QNl7G', 3, 13, 5, 0, NULL, '2017-08-21 16:23:53', '2017-08-21 16:23:53'),
(161, 'Дастан', 'Кайрмденов', 'Гелманович', 'kairmdenov.dastan@cse-astana.kz', '$2y$10$qV/c/GXHmUzOgY18XXe9..JvbMupZK912lMTS5q6YGDv6JzL..h6W', 3, 13, 35, 0, NULL, '2017-08-21 16:24:48', '2017-08-21 16:24:48'),
(162, 'Кульбан', 'Искакова', 'Сейсеновна', 'iskakova.kulban@cse-astana.kz', '$2y$10$h7iprKXQ0GEnw1WSzBpF8uf0PeN7IY.EK1WyjUGQa3LdGxoa7I7jW', 3, 13, 29, 0, NULL, '2017-08-21 16:25:27', '2017-08-21 16:25:27'),
(163, 'Эльдар', 'Бугубаев', 'Дюсембекович', 'bugubayev.eldar@cse-astana.kz', '$2y$10$Eqp8378cjF.OqUFqh0lVOOuOJTea9sUY8ZAAQAJ6CNRWwmcfEdzbK', 3, 14, 24, 0, NULL, '2017-08-21 16:26:27', '2017-08-21 16:26:27'),
(164, 'Дархан', 'Манап', 'Тәңірбергенұлы', 'manap.darkhan@cse-astana.kz', '$2y$10$AYg./JSXlbCI780S/UoBEOmBowpUHCEgnnNsGDgHyk6cUCdXfufH2', 3, 14, 31, 0, NULL, '2017-08-21 16:27:07', '2017-08-21 16:27:07'),
(165, 'Женис', 'Аубакиров', 'Еркинович', 'aubakirov.zhenis@cse-astana.kz', '$2y$10$cUMVIr7mudigYiC2dgFAre0hbMHVEMWFA6ecCbZ8T8yg9sVZId4US', 3, 14, 31, 0, NULL, '2017-08-21 16:27:42', '2017-08-21 16:27:42'),
(166, 'Дмитрий', 'Тарасов', 'Анатольевич', 'tarasov.dmitrii@cse-astana.kz', '$2y$10$ep2xFkQZ9zNaYNCzMPTFYOxX653VkXqsY5X0oH0p4QB8ZiZZEuIzW', 3, 14, 31, 0, NULL, '2017-08-21 16:28:16', '2017-08-21 16:28:16'),
(167, 'Жанат', 'Барамбаев', 'Куандыкович', 'barambayev.zhanat@cse-astana.kz', '$2y$10$BylhFTauI5AKpyoAs9G2dOgRTg4c/nkvvG1AssviUqtyNTbnETo06', 3, 14, 29, 0, NULL, '2017-08-21 16:29:00', '2017-08-21 16:29:00'),
(168, 'Ильяс', 'Жуматов', 'Маратович', 'zhumatov.iliyas@cse-astana.kz', '$2y$10$TZYNydYleB9OOSUbjJYQDuK72cmoAvyr4/GZMm1W8HDLqHmIVwB0C', 3, 14, 29, 0, NULL, '2017-08-21 16:29:36', '2017-08-21 16:29:36'),
(169, 'Дінмұхамед', 'Сағидолла', 'Ерланұлы', 'sagidolla.dinmukhamed@cse-astana.kz', '$2y$10$W0fOItQrhQ6V8WMsaLxvj.OqBGhW.qmyOatNb8548XUOhc7RCEwh2', 3, 14, 29, 0, NULL, '2017-08-21 16:30:12', '2017-08-21 16:30:12'),
(170, 'Габит', 'Боранбаев', 'Аманбаевич', 'boranbayev.gabit@cse-astana.kz', '$2y$10$5mZSCLYuZ..EzbpwLbKghuYrGJzUqPf6iSvOy3yHzLDZuVYt4UQSK', 3, 14, 29, 0, NULL, '2017-08-21 16:30:46', '2017-08-21 16:30:46'),
(171, 'Максим', 'Попов', 'Александрович', 'popov.maxim@cse-astana.kz', '$2y$10$ji59t1/jt18QR0vtG4bUcuu.Om0w6T4XtRcVmEBEqnbq8fxjmydxK', 3, 15, 24, 0, NULL, '2017-08-21 16:31:47', '2017-08-21 16:31:47'),
(172, 'Аскар', 'Сейпилов', 'Мустахимович', 'seipilov.askar@cse-astana.kz', '$2y$10$gzME7fTEx/g.YVMV/1Kpcepw6GrLPu5603fT43MRb6PO6sFPqttgS', 3, 15, 31, 0, NULL, '2017-08-21 16:32:32', '2017-08-21 16:32:32'),
(173, 'Владимир', 'Панасюра', 'Владимирович', 'panasura.vladimir@cse-astana.kz', '$2y$10$P7dDgv7LA9wk9mn07Qbthe7JUnjl8u/i4cQPQs2/DSCfG71b5NogW', 3, 15, 31, 0, NULL, '2017-08-21 16:33:16', '2017-08-21 16:33:16'),
(174, 'Ольга', 'Кононец', 'Александровна', 'kononec.olga@cse-astana.kz', '$2y$10$TGOHHiAEe4dZFoDxHxU8QeiVi4g/DLwd1pSSHSz/zQNCijHcbFhzG', 3, 15, 31, 0, NULL, '2017-08-21 16:33:52', '2017-08-21 16:33:52'),
(175, 'Евгения', 'Шаталова', 'Анатольевна', 'shatalova.evgeniya@cse-astana.kz', '$2y$10$GiMjsNwnL2JjiH/G1.qHKOfVrQEmloVzItdCMmA.Zy9Z4OMWl1eKm', 3, 15, 31, 0, NULL, '2017-08-21 16:34:54', '2017-08-21 16:34:54'),
(176, 'Ержан', 'Юнусов', 'Булатович', 'unusov.erzhan@cse-astana.kz', '$2y$10$njYb/6b/ffRx.XYr6EuLS.4AN9kLksECsZPAImo6sDtKTU/scqwiS', 3, 15, 31, 0, NULL, '2017-08-21 16:35:31', '2017-08-21 16:35:31'),
(177, 'Анатолий', 'Калыков', 'Давлетович', 'kalykov.anatolii@cse-astana.kz', '$2y$10$0GJR8ArO9GIyFif3sEd4Fe5pd/xZlY4J6DDsffYRFTtOhOBZhL4hS', 3, 15, 31, 0, NULL, '2017-08-21 16:36:08', '2017-08-21 16:36:08'),
(178, 'Алия', 'Мустафина', 'Жаксымбаевна', 'mustafina.aliya@cse-astana.kz', '$2y$10$eIX1zUkCpFoG7O2YY6iYNuhOVcqWwgYCxntk.i4zoQI6apS5nJmnq', 3, 15, 26, 0, NULL, '2017-08-21 16:36:50', '2017-08-21 16:36:50'),
(179, 'Гүлсін', 'Тастанова', 'Ерғалиқызы', 'tastanova.gulsin@cse-astana.kz', '$2y$10$1F1oGhlEhum9TemiO6rBp.EsyUY1QjA.DOBHO6aaK8e38ES/KU5XW', 3, 15, 27, 0, NULL, '2017-08-21 16:37:28', '2017-08-21 16:37:28'),
(180, 'Динара', 'Еркебаева', 'Амантаевна', 'erkebayeva.dinara@cse-astana.kz', '$2y$10$MH90nwADZn43LUEwLoWosuDv5zcVVLKTI1GSiagOxbMgKSk4epdOO', 3, 15, 27, 0, NULL, '2017-08-21 16:38:05', '2017-08-21 16:38:05'),
(181, 'Сулушаш', 'Ибраева', 'Кайркеновна', 'ibrayeva.sulushash@cse-astana.kz', '$2y$10$xYoL1i75yhRxMBNMIar.oOr6rnGzxDF5cj6EF1ufhclqvgRnCj6ua', 3, 15, 27, 0, NULL, '2017-08-21 16:39:05', '2017-08-21 16:39:05'),
(182, 'Гульнара', 'Ташиева', 'Ерхановна', 'tashiyeva.gulnara@cse-astana.kz', '$2y$10$UerTZiWMGvfLv9rnkUg5BOzdZ360QXY8k538ATkW8mpjrhUx9dCFm', 3, 15, 27, 0, NULL, '2017-08-21 16:39:49', '2017-08-21 16:39:49'),
(183, 'Турсын', 'Балгожинова', 'Кенесовна', 'balgozhina.tursyn@cse-astana.kz', '$2y$10$NWjE0Thk39Akr/he35gmouvuetybD81.aGaYR.qzTQYfb77E8.SDy', 3, 15, 27, 0, NULL, '2017-08-21 16:40:29', '2017-08-21 16:40:29'),
(184, 'Акбота', 'Нургалиева', 'Ертисбаевна', 'nurgaliyeva.akbota@cse-astana.kz', '$2y$10$agSMVgp8orRTGDlQJtdAquIntsxhiGtRY6QU9adb7EV1hgRwpLJbC', 3, 15, 27, 0, NULL, '2017-08-21 16:41:31', '2017-08-21 16:41:31'),
(185, 'Марина', 'Теремизова', 'Викторовна', 'teremizova.marina@cse-astana.kz', '$2y$10$PM53xMsSygrGyvfnRk5dseo/l7C76dyWx1K3dwQ9vOslKbcNvJ3FO', 3, 15, 28, 0, NULL, '2017-08-21 16:42:16', '2017-08-21 16:42:16'),
(186, 'Ернат', 'Рахметов', 'Джамбулович', 'rakhmetov.ernat@cse-astana.kz', '$2y$10$pgieMwCcF5vYXAEMLY.oh.vST6Wj44CCA3fH9ovAVcs0N9AXQlBZq', 3, 15, 29, 0, NULL, '2017-08-21 17:11:39', '2017-08-21 17:11:39'),
(187, 'Калдыбек', 'Бекмаханов', 'Сейтханулы', 'bekmahanov.kaldybek@cse-astana.kz', '$2y$10$leGvy8TD6DxOyuNSssGWvu/CYVetAHSR5qvZXKdmBEgfzXl2a4Be2', 3, 15, 29, 0, NULL, '2017-08-21 17:12:13', '2017-08-21 17:12:13'),
(188, 'Фатима', 'Иманкулова', 'Ибрагимовна', 'imabkulova.fatima@cse-astana.kz', '$2y$10$HYwdfmKSiTGqvMpUaKP9ZeNkS4dfq1Uclt2/0qKpU4xcLMsowQ4CK', 3, 15, 29, 0, NULL, '2017-08-21 17:13:04', '2017-08-21 17:13:04'),
(189, 'Николай', 'Мартемьянов', 'Васильевич', 'martemyanov.nikolai@cse-astana.kz', '$2y$10$jlRgNQOiTKYCQKZoD.qjvu6hN4KVEwqiyFDsj3aGIcvKeTT3RUR9y', 3, 16, 24, 0, NULL, '2017-08-21 17:14:01', '2017-08-21 17:14:01'),
(190, 'Бибижамал', 'Сейфулловна', 'Сейфулловна', 'baikenova.bibizhamal@cse-astana.kz', '$2y$10$dD4ked4xyjsYUYENG1kl6OmNBhmDbGafP45CLm.EU635EcMMF33iS', 3, 16, 34, 0, NULL, '2017-08-21 17:15:03', '2017-08-21 17:15:03'),
(191, 'Жанна', 'Дженгарина', 'Ерсаиновна', 'dzhengarina.zhanna@cse-astana.kz', '$2y$10$fY10lCNNuxucJRwTde6mX.9aDf8PYUrMVgwtTmYzCNWdF/z7YtlK2', 3, 16, 34, 0, NULL, '2017-08-21 17:15:42', '2017-08-21 17:15:42'),
(192, 'Ерзат', 'Сармаев', 'Толеукапасович', 'sarmayev.erzat@cse-astana.kz', '$2y$10$lyvtmerxhMqyTW.oW2HXbeS6gmqcH6lukMY7bO1NfHOKSK5396jx2', 3, 16, 34, 0, NULL, '2017-08-21 17:16:18', '2017-08-21 17:16:18'),
(193, 'Мейрамбек', 'Пазылхаир', 'Пазылхаирұлы', 'pazylkhair.meirambek@cse-astana.kz', '$2y$10$j3PKIeOJMRe8J0Jsm0vi4u2f/W52CuXNnEWNg/36ViqdgwPSQYRTK', 3, 16, 33, 0, NULL, '2017-08-21 17:16:59', '2017-08-21 17:16:59'),
(194, 'Айман', 'Диярова', 'Аиповна', 'diyarova.aiman@cse-astana.kz', '$2y$10$JroLR/OOso5zLpv7qav6.uS4ScPaBsvkWz/ourp5gKIYjqFQndzMC', 3, 16, 27, 0, NULL, '2017-08-21 17:17:34', '2017-08-21 17:17:34'),
(195, 'Дана', 'Хамзина', 'Мергенбаевна', 'khamzina.dana@cse-astana.kz', '$2y$10$9e09P8fmOWEtEO7unLunX.ng7WNafWlbYq97SUT97RJ7f1bY363CG', 3, 16, 27, 0, NULL, '2017-08-21 17:18:30', '2017-08-21 17:18:30'),
(196, 'Канат', 'Кенжегалиев', NULL, 'kenzhegaliyev.kanat@cse-astana.kz', '$2y$10$BUeACwEQV2//VhKCjBvYOe2QmdSUmhaX4D.7oUV0ytpdOFNzxqSmO', 3, 16, 32, 0, NULL, '2017-08-21 17:19:00', '2017-08-21 17:19:00'),
(197, 'Гульнара', 'Габдуллина', NULL, 'gabdullina.gulnara@cse-astana.kz', '$2y$10$4u8nxh2L0AYmAK6u9UMeFeT5r1lszmpTOg6oR6lKzHESBoURfC2Fe', 3, 16, 28, 0, NULL, '2017-08-21 17:19:37', '2017-08-21 17:19:37'),
(198, 'Алтын', 'Муканова', 'Сейтжановна', 'mukanova.altyn@cse-astana.kz', '$2y$10$YzTgu1hY57xynyqvCMsA/.8BpYxHwke0J1ZPwdnig7k1dzaSzHDRa', 3, 16, 28, 0, NULL, '2017-08-21 17:20:21', '2017-08-21 17:20:21'),
(199, 'Зулькия', 'Омарова', 'Капиновна', 'omarova.zulkiya@cse-astana.kz', '$2y$10$Em0BRga8qO6ZdqLE1bjOcuvrNu9LgkTMuxhbHqeQJ/XQAkL1ntvcq', 3, 16, 29, 0, NULL, '2017-08-21 17:20:56', '2017-08-21 17:20:56'),
(201, 'Тулебай', 'Аубакиров', 'Темирханович', 'aubakirov.tulebai@cse-astana.kz', '$2y$10$dLl6g9gvhJ2jh.m1XorPbO8r22HFNKmAvLfyIvjiZqYRj66OJBfCi', 4, 18, 47, 0, NULL, '2017-08-21 17:25:59', '2017-08-21 17:25:59'),
(202, 'Сергей', 'Ложкин', 'Игоревич', 'lozhkin.sergey@cse-astana.kz', '$2y$10$mZfLNgXSgvAxgOZuu5YB.exgmxcRfptNt2UIUSGoeB6iVH4Avbzh2', 4, 18, 18, 0, NULL, '2017-08-21 17:26:27', '2017-08-21 17:26:27'),
(203, 'Айгерим', 'Акылбекова', 'Темирхановна', 'akylbekova.aigerim@cse-astana.kz', '$2y$10$CHNUySKvfmd3xOhqzFU.J.DvUIBbjZiLfg8WKoyUK5YhKcYGh524m', 4, 18, 47, 0, NULL, '2017-08-21 17:27:24', '2017-08-21 17:27:24'),
(204, 'Вадим', 'Дубов', 'Александрович', 'dubov.vadim@cse-astana.kz', '$2y$10$vzlmZIRiVsnfiuB52R819OI6cSI1MCtyMRTfhSwGvXqSmhGNufUmm', 4, 18, 37, 0, NULL, '2017-08-21 17:28:04', '2017-08-21 17:28:04'),
(205, 'Данияр', 'Абенов', 'Канатович', 'abenov.daniyar@cse-astana.kz', '$2y$10$Y99R5Zk18xSRqsUxmvEBq.V35huuEzIiLL68W0QDfr7a1xY.Yzjoa', 4, 18, 38, 0, NULL, '2017-08-21 17:28:39', '2017-08-21 17:28:39'),
(206, 'Павел', 'Януров', 'Родионович', 'yanurov.pavel@cse-astana.kz', '$2y$10$dR0fWPOeVhl7Ff25SGqCFuziOAr/xY2G29cR7bTAp/2SaPnFzCJ6S', 4, 18, 39, 0, NULL, '2017-08-21 17:29:09', '2017-08-21 17:29:09');

--
-- Индексы сохранённых таблиц
--

--
-- Индексы таблицы `correspondences`
--
ALTER TABLE `correspondences`
  ADD PRIMARY KEY (`id`);

--
-- Индексы таблицы `correspondents`
--
ALTER TABLE `correspondents`
  ADD PRIMARY KEY (`id`),
  ADD UNIQUE KEY `correspondents_name_unique` (`name`);

--
-- Индексы таблицы `departments`
--
ALTER TABLE `departments`
  ADD PRIMARY KEY (`id`),
  ADD UNIQUE KEY `departments_name_unique` (`name`);

--
-- Индексы таблицы `documents`
--
ALTER TABLE `documents`
  ADD PRIMARY KEY (`id`);

--
-- Индексы таблицы `document_approves`
--
ALTER TABLE `document_approves`
  ADD PRIMARY KEY (`id`);

--
-- Индексы таблицы `document_types`
--
ALTER TABLE `document_types`
  ADD PRIMARY KEY (`id`);

--
-- Индексы таблицы `expertises`
--
ALTER TABLE `expertises`
  ADD PRIMARY KEY (`id`);

--
-- Индексы таблицы `expertise_agencies`
--
ALTER TABLE `expertise_agencies`
  ADD PRIMARY KEY (`id`);

--
-- Индексы таблицы `expertise_approves`
--
ALTER TABLE `expertise_approves`
  ADD PRIMARY KEY (`id`);

--
-- Индексы таблицы `expertise_categories`
--
ALTER TABLE `expertise_categories`
  ADD PRIMARY KEY (`id`);

--
-- Индексы таблицы `expertise_infos`
--
ALTER TABLE `expertise_infos`
  ADD PRIMARY KEY (`id`);

--
-- Индексы таблицы `expertise_organs`
--
ALTER TABLE `expertise_organs`
  ADD PRIMARY KEY (`id`);

--
-- Индексы таблицы `expertise_regions`
--
ALTER TABLE `expertise_regions`
  ADD PRIMARY KEY (`id`);

--
-- Индексы таблицы `expertise_specialists`
--
ALTER TABLE `expertise_specialists`
  ADD PRIMARY KEY (`id`);

--
-- Индексы таблицы `expertise_specialities`
--
ALTER TABLE `expertise_specialities`
  ADD PRIMARY KEY (`id`);

--
-- Индексы таблицы `expertise_statuses`
--
ALTER TABLE `expertise_statuses`
  ADD PRIMARY KEY (`id`);

--
-- Индексы таблицы `expertise_tasks`
--
ALTER TABLE `expertise_tasks`
  ADD PRIMARY KEY (`id`);

--
-- Индексы таблицы `expertise_types`
--
ALTER TABLE `expertise_types`
  ADD PRIMARY KEY (`id`);

--
-- Индексы таблицы `files`
--
ALTER TABLE `files`
  ADD PRIMARY KEY (`id`);

--
-- Индексы таблицы `languages`
--
ALTER TABLE `languages`
  ADD PRIMARY KEY (`id`);

--
-- Индексы таблицы `migrations`
--
ALTER TABLE `migrations`
  ADD PRIMARY KEY (`id`);

--
-- Индексы таблицы `nomenclatures`
--
ALTER TABLE `nomenclatures`
  ADD PRIMARY KEY (`id`);

--
-- Индексы таблицы `password_resets`
--
ALTER TABLE `password_resets`
  ADD KEY `password_resets_email_index` (`email`);

--
-- Индексы таблицы `positions`
--
ALTER TABLE `positions`
  ADD PRIMARY KEY (`id`);

--
-- Индексы таблицы `register_numbers`
--
ALTER TABLE `register_numbers`
  ADD PRIMARY KEY (`id`);

--
-- Индексы таблицы `tasks`
--
ALTER TABLE `tasks`
  ADD PRIMARY KEY (`id`);

--
-- Индексы таблицы `users`
--
ALTER TABLE `users`
  ADD PRIMARY KEY (`id`),
  ADD UNIQUE KEY `users_email_unique` (`email`);

--
-- AUTO_INCREMENT для сохранённых таблиц
--

--
-- AUTO_INCREMENT для таблицы `correspondences`
--
ALTER TABLE `correspondences`
  MODIFY `id` int(10) UNSIGNED NOT NULL AUTO_INCREMENT;
--
-- AUTO_INCREMENT для таблицы `correspondents`
--
ALTER TABLE `correspondents`
  MODIFY `id` int(10) UNSIGNED NOT NULL AUTO_INCREMENT, AUTO_INCREMENT=3;
--
-- AUTO_INCREMENT для таблицы `departments`
--
ALTER TABLE `departments`
  MODIFY `id` int(10) UNSIGNED NOT NULL AUTO_INCREMENT, AUTO_INCREMENT=19;
--
-- AUTO_INCREMENT для таблицы `documents`
--
ALTER TABLE `documents`
  MODIFY `id` int(10) UNSIGNED NOT NULL AUTO_INCREMENT;
--
-- AUTO_INCREMENT для таблицы `document_approves`
--
ALTER TABLE `document_approves`
  MODIFY `id` int(10) UNSIGNED NOT NULL AUTO_INCREMENT;
--
-- AUTO_INCREMENT для таблицы `document_types`
--
ALTER TABLE `document_types`
  MODIFY `id` int(10) UNSIGNED NOT NULL AUTO_INCREMENT, AUTO_INCREMENT=5;
--
-- AUTO_INCREMENT для таблицы `expertises`
--
ALTER TABLE `expertises`
  MODIFY `id` int(10) UNSIGNED NOT NULL AUTO_INCREMENT;
--
-- AUTO_INCREMENT для таблицы `expertise_agencies`
--
ALTER TABLE `expertise_agencies`
  MODIFY `id` int(10) UNSIGNED NOT NULL AUTO_INCREMENT, AUTO_INCREMENT=260;
--
-- AUTO_INCREMENT для таблицы `expertise_approves`
--
ALTER TABLE `expertise_approves`
  MODIFY `id` int(10) UNSIGNED NOT NULL AUTO_INCREMENT;
--
-- AUTO_INCREMENT для таблицы `expertise_categories`
--
ALTER TABLE `expertise_categories`
  MODIFY `id` int(10) UNSIGNED NOT NULL AUTO_INCREMENT, AUTO_INCREMENT=4;
--
-- AUTO_INCREMENT для таблицы `expertise_infos`
--
ALTER TABLE `expertise_infos`
  MODIFY `id` int(10) UNSIGNED NOT NULL AUTO_INCREMENT;
--
-- AUTO_INCREMENT для таблицы `expertise_organs`
--
ALTER TABLE `expertise_organs`
  MODIFY `id` int(10) UNSIGNED NOT NULL AUTO_INCREMENT, AUTO_INCREMENT=11;
--
-- AUTO_INCREMENT для таблицы `expertise_regions`
--
ALTER TABLE `expertise_regions`
  MODIFY `id` int(10) UNSIGNED NOT NULL AUTO_INCREMENT, AUTO_INCREMENT=17;
--
-- AUTO_INCREMENT для таблицы `expertise_specialists`
--
ALTER TABLE `expertise_specialists`
  MODIFY `id` int(10) UNSIGNED NOT NULL AUTO_INCREMENT, AUTO_INCREMENT=95;
--
-- AUTO_INCREMENT для таблицы `expertise_specialities`
--
ALTER TABLE `expertise_specialities`
  MODIFY `id` int(10) UNSIGNED NOT NULL AUTO_INCREMENT, AUTO_INCREMENT=69;
--
-- AUTO_INCREMENT для таблицы `expertise_statuses`
--
ALTER TABLE `expertise_statuses`
  MODIFY `id` int(10) UNSIGNED NOT NULL AUTO_INCREMENT, AUTO_INCREMENT=7;
--
-- AUTO_INCREMENT для таблицы `expertise_tasks`
--
ALTER TABLE `expertise_tasks`
  MODIFY `id` int(10) UNSIGNED NOT NULL AUTO_INCREMENT;
--
-- AUTO_INCREMENT для таблицы `expertise_types`
--
ALTER TABLE `expertise_types`
  MODIFY `id` int(10) UNSIGNED NOT NULL AUTO_INCREMENT, AUTO_INCREMENT=30;
--
-- AUTO_INCREMENT для таблицы `files`
--
ALTER TABLE `files`
  MODIFY `id` int(10) UNSIGNED NOT NULL AUTO_INCREMENT;
--
-- AUTO_INCREMENT для таблицы `languages`
--
ALTER TABLE `languages`
  MODIFY `id` int(10) UNSIGNED NOT NULL AUTO_INCREMENT, AUTO_INCREMENT=3;
--
-- AUTO_INCREMENT для таблицы `migrations`
--
ALTER TABLE `migrations`
  MODIFY `id` int(10) UNSIGNED NOT NULL AUTO_INCREMENT, AUTO_INCREMENT=445;
--
-- AUTO_INCREMENT для таблицы `nomenclatures`
--
ALTER TABLE `nomenclatures`
  MODIFY `id` int(10) UNSIGNED NOT NULL AUTO_INCREMENT, AUTO_INCREMENT=11;
--
-- AUTO_INCREMENT для таблицы `positions`
--
ALTER TABLE `positions`
  MODIFY `id` int(10) UNSIGNED NOT NULL AUTO_INCREMENT, AUTO_INCREMENT=47;
--
-- AUTO_INCREMENT для таблицы `register_numbers`
--
ALTER TABLE `register_numbers`
  MODIFY `id` int(10) UNSIGNED NOT NULL AUTO_INCREMENT;
--
-- AUTO_INCREMENT для таблицы `tasks`
--
ALTER TABLE `tasks`
  MODIFY `id` int(10) UNSIGNED NOT NULL AUTO_INCREMENT;
--
-- AUTO_INCREMENT для таблицы `users`
--
ALTER TABLE `users`
  MODIFY `id` int(10) UNSIGNED NOT NULL AUTO_INCREMENT, AUTO_INCREMENT=208;COMMIT;

/*!40101 SET CHARACTER_SET_CLIENT=@OLD_CHARACTER_SET_CLIENT */;
/*!40101 SET CHARACTER_SET_RESULTS=@OLD_CHARACTER_SET_RESULTS */;
/*!40101 SET COLLATION_CONNECTION=@OLD_COLLATION_CONNECTION */;
